Workbook

Sheet OKUBENI
A1: Kademe-2 diff-set — okuma kılavuzu
A3: Amaç | B3: Kademe-2 diff-seti: mevcut kural (V7'nin K6 uygulaması) ile aday K6(a)/K11(d) taslağının ayrıştığı satırların tek tabloda toplanması. Yalnız okuma ve sayım; öneri uygulaması yok.
A4: Değiştirilmeyenler | B4: GEM kural seti ve FCF_TTM_2025-03_2026-06_v7_nihai.xlsx. Hiçbir FCF veya statü hücresi değiştirilmedi. FCF_SIM ve ORNEKLEM sayfalarındaki P1/P2 sütunları benzetimdir.
A5: Enflasyon muhasebesi | B5: Hiçbir satırda endeksleme, yeniden düzeltme ya da katsayı uygulaması yapılmadı. Tüm karşılaştırmalar Evo'nun hâlihazırda düzeltilmiş (aynı satın alma gücündeki) serisi üzerinden. Belge rakamları yalnız "Evo'daki değer raporun hangi satır-sütunundan geliyor" sorusu için okundu (BELGE sayfası).
A6: Veri | B6: Evo hisse_finansal_tablolari_nakit_akis_tablosu_kalemleri, 2024/03–2026/06, üç kalem: kira (finansman satırı), MDV+MODV alımı, YAGM alımı; try_donemsel (kümülatif), try_ceyreklik, try_ttm. 05.10.2026 sorguları. Kira 348, MDV 586, YAGM 141 şirkette dolu. Mekanik köprü Evo try_ttm ile 5.009 satırın 5.004'ünde aynı.
A7: Kapsam | B7: V7: 508 şirket × 6 dönem × 3 kalem = 9.144 satır. Yeni radarlar (R4–R7) Evo evreninin tamamında hesaplandı; V7 kapsamı dışındakiler RADAR sayfasında "V7 kapsamında = 0" ile duruyor.
A8: Köprü | B8: Yıllık pencere (…/12): TTM = YTD. Diğerleri: TTM = YTD_cari + FY_önceki − YTD_önceki. Kaynak noktaları bu üç değerdir.
A9: İşaret katmanları | B9: KAYNAK: üç köprü noktasının her biri ayrı sütunda (> 0). ÇEYREK: pencerenin dört çeyreği; pozitif çeyrek adedi, cari yıla düşen pozitif çeyreklerin toplamı (Q1 hariç — Q1 = YTD), önceki yıla düşenlerin toplamı. TTM: Evo try_ttm işareti (yoksa mekanik).
A10: R1–R3 | B10: Mevcut V7 listeleri: R1 = Kira anapara TTM > 0 (90 satır); R2 = V7'nin kira düştüğü satırlarda FY_önceki − YTD_önceki > 1 mn ve > %5 (50 satır); R3 = V7 K6 sütununda dışlanan MDV/YAGM satırları (52 satır).
A11: R4–R5 (yeni A) | B11: Kaynak noktalarından en az biri > 0 ve TTM < 0. Kira ve capex ayrı sütun.
A12: R6–R7 (yeni B) | B12: CAPEX köprü kırığı. Çekirdek: üç nokta dolu, FY_önceki − YTD_önceki > 1 mn ve > %5 |YTD_önceki|; TTM işaretinden ve kaynak işaretinden bağımsız. Geniş: önceki yılda YTD_önceki → FY_önceki arasında ardışık raporlarda kümülatif gerileme (> 1 mn ve > %5; sıfır değerler atlanır).
A13: Yardımcı sütunlar | B13: Beş kümenin dışında: Evo TTM > 0, kaynak pozitif (herhangi), pencerede pozitif çeyrek, kira köprü çekirdek/geniş (Evo evreni tanımıyla), cari yıl kümülatif gerilemesi. V7 kapsamında pencerede en az bir pozitif çeyreği olan satır: kira 536, MDV 606, YAGM 59 (> 1 mn: 447 / 515 / 40).
A14: Aday kural benzetimi | B14: K6(a) = kaynak pozitif. K11(d) = üç nokta dolu, kaynaklar ≤ 0, fark > 1 mn ve > %5. Pilot taslağındaki metin aynen uygulandı; eşikler ve "satır kullanılmaz" hükmü sınanıyor, önerilmiyor.
... A18: Sayfalar | B18: OZET (altı çıktı, formüllü) · RADAR (satır evreni) · FCF_SIM (politika benzetimi, FCF satırı düzeyi) · ORNEKLEM (belgeli örneklem) · KACIRILAN · SINIR · BELGE · MEKANIZMA (bölüm toplamı testi).

Sheet OZET
A1: Kademe-2 diff-set — özet (V7 ve GEM değiştirilmedi; radar tetiklemesi hata hükmü değildir)
A2: Birim: mn TL, Evo ölçeği (V7 ile aynı). Hiçbir satırda endeksleme/yeniden düzeltme yapılmadı; belge rakamları yalnız Evo değerinin hangi rapor satırından geldiğini doğrulamak için okundu. Sayım formülleri RADAR, ORNEKLEM ve FCF_SIM sayfalarını okur.
A4: 1. Benzersiz toplam radar evreni (şirket-dönem-kalem)
A5: Ölçü | B5: Satır | C5: Şirket | D5: Şirket-dönem
A6: V7 kapsamı — 5 kümeden en az biri (benzersiz) | B6: =COUNTIFS(RADAR!$D$2:$D$1192,1,RADAR!$E$2:$E$1192,1) -> 537 | C6: 204 | D6: 488
A7: Beş kümenin ham toplamı (7 radar sütunu) | B7: =SUM(B23:B29) -> 684
A8: Birleştirilen mükerrer kayıt | B8: =B7-B6 -> 147
A9: kalem: Kira anapara | B9: =COUNTIFS(RADAR!$D$2:$D$1192,1,RADAR!$E$2:$E$1192,1,RADAR!$B$2:$B$1192,"Kira anapara") -> 192
A10: kalem: MDV+MODV alımı | B10: =COUNTIFS(RADAR!$D$2:$D$1192,1,RADAR!$E$2:$E$1192,1,RADAR!$B$2:$B$1192,"MDV+MODV alımı") -> 319
A11: kalem: YAGM alımı | B11: =COUNTIFS(RADAR!$D$2:$D$1192,1,RADAR!$E$2:$E$1192,1,RADAR!$B$2:$B$1192,"YAGM alımı") -> 26
A12: V7 FCF statüsü: KESİN | B12: =COUNTIFS(RADAR!$D$2:$D$1192,1,RADAR!$E$2:$E$1192,1,RADAR!$AU$2:$AU$1192,"KESİN") -> 322
A13: V7 FCF statüsü: TÜRETİLMİŞ | B13: =COUNTIFS(RADAR!$D$2:$D$1192,1,RADAR!$E$2:$E$1192,1,RADAR!$AU$2:$AU$1192,"TÜRETİLMİŞ") -> 57
A14: V7 FCF statüsü: KOŞULLU | B14: =COUNTIFS(RADAR!$D$2:$D$1192,1,RADAR!$E$2:$E$1192,1,RADAR!$AU$2:$AU$1192,"KOŞULLU") -> 36
A15: V7 FCF statüsü: NULL | B15: =COUNTIFS(RADAR!$D$2:$D$1192,1,RADAR!$E$2:$E$1192,1,RADAR!$AU$2:$AU$1192,"NULL") -> 122
A16: V7 kapsamı dışı (Evo evreni) — yeni radarlardan en az biri | B16: =COUNTIFS(RADAR!$D$2:$D$1192,0,RADAR!$E$2:$E$1192,1) -> 94 | C16: 41
A17: Beş kümenin DIŞINDA kalan: cari yıl kümülatif gerilemesi (V7 kapsamı) | B17: =COUNTIFS(RADAR!$D$2:$D$1192,1,RADAR!$E$2:$E$1192,0,RADAR!$S$2:$S$1192,1) -> 275 | C17: 152
A18: Genişletilmiş evren = 5 küme + cari yıl gerilemesi (V7 kapsamı) | B18: =B6+B17 -> 812
A19: Cari yıl kümülatif gerilemesi: pencerenin cari yıla düşen çeyreklerinden (Q1 hariç) en az biri pozitif, toplamı > 1 mn. Kullanıcının saydığı beş kümede yok; PCILT 2025/09 ve NTHOL 2025/12 bu sınıftadır. Ayrı sütunda tutuldu, 5-küme sayısına eklenmedi.
A21: 2. Her radarın yakaladığı benzersiz satır (V7 kapsamı)
A22: Radar | B22: Satır | C22: Şirket | D22: V7 FCF statüsü KESİN / TÜRETİLMİŞ | E22: Yalnız bu radarın yakaladığı | F22: V7 kapsamı dışı (Evo evreni)
A23: R1 · 90 pozitif-TTM kira (V7) | B23: =COUNTIFS(RADAR!$G$2:$G$1192,1,RADAR!$D$2:$D$1192,1) -> 90 | C23: 46 | D23: =COUNTIFS(RADAR!$G$2:$G$1192,1,RADAR!$D$2:$D$1192,1,RADAR!$AU$2:$AU$1192,"KESİN")+COUNTIFS(RADAR!$G$2:$G$1192,1,RADAR!$D$2:$D$1192,1,RADAR!$AU$2:$AU$1192,"TÜRETİLMİŞ") -> 82 | E23: =COUNTIFS(RADAR!$G$2:$G$1192,1,RADAR!$D$2:$D$1192,1,RADAR!$F$2:$F$1192,1) -> 86 | F23: =COUNTIFS(RADAR!$G$2:$G$1192,1,RADAR!$D$2:$D$1192,0) -> 0
A24: R2 · 50 kira baz-kırığı çekirdeği (V7) | B24: =COUNTIFS(RADAR!$H$2:$H$1192,1,RADAR!$D$2:$D$1192,1) -> 50 | C24: 37 | D24: =COUNTIFS(RADAR!$H$2:$H$1192,1,RADAR!$D$2:$D$1192,1,RADAR!$AU$2:$AU$1192,"KESİN")+COUNTIFS(RADAR!$H$2:$H$1192,1,RADAR!$D$2:$D$1192,1,RADAR!$AU$2:$AU$1192,"TÜRETİLMİŞ") -> 31 | E24: =COUNTIFS(RADAR!$H$2:$H$1192,1,RADAR!$D$2:$D$1192,1,RADAR!$F$2:$F$1192,1) -> 40 | F24: =COUNTIFS(RADAR!$H$2:$H$1192,1,RADAR!$D$2:$D$1192,0) -> 0
A25: R3 · 52 pozitif CAPEX (V7 K6) | B25: =COUNTIFS(RADAR!$I$2:$I$1192,1,RADAR!$D$2:$D$1192,1) -> 52 | C25: 29 | D25: =COUNTIFS(RADAR!$I$2:$I$1192,1,RADAR!$D$2:$D$1192,1,RADAR!$AU$2:$AU$1192,"KESİN")+COUNTIFS(RADAR!$I$2:$I$1192,1,RADAR!$D$2:$D$1192,1,RADAR!$AU$2:$AU$1192,"TÜRETİLMİŞ") -> 50 | E25: =COUNTIFS(RADAR!$I$2:$I$1192,1,RADAR!$D$2:$D$1192,1,RADAR!$F$2:$F$1192,1) -> 13 | F25: =COUNTIFS(RADAR!$I$2:$I$1192,1,RADAR!$D$2:$D$1192,0) -> 0
A26: R4 · YENİ A-kira: kaynak pozitif + TTM negatif | B26: =COUNTIFS(RADAR!$J$2:$J$1192,1,RADAR!$D$2:$D$1192,1) -> 62 | C26: 38 | D26: =COUNTIFS(RADAR!$J$2:$J$1192,1,RADAR!$D$2:$D$1192,1,RADAR!$AU$2:$AU$1192,"KESİN")+COUNTIFS(RADAR!$J$2:$J$1192,1,RADAR!$D$2:$D$1192,1,RADAR!$AU$2:$AU$1192,"TÜRETİLMİŞ") -> 43 | E26: =COUNTIFS(RADAR!$J$2:$J$1192,1,RADAR!$D$2:$D$1192,1,RADAR!$F$2:$F$1192,1) -> 56 | F26: =COUNTIFS(RADAR!$J$2:$J$1192,1,RADAR!$D$2:$D$1192,0) -> 4
A27: R5 · YENİ A-capex: kaynak pozitif + TTM negatif | B27: =COUNTIFS(RADAR!$K$2:$K$1192,1,RADAR!$D$2:$D$1192,1) -> 18 | C27: 14 | D27: =COUNTIFS(RADAR!$K$2:$K$1192,1,RADAR!$D$2:$D$1192,1,RADAR!$AU$2:$AU$1192,"KESİN")+COUNTIFS(RADAR!$K$2:$K$1192,1,RADAR!$D$2:$D$1192,1,RADAR!$AU$2:$AU$1192,"TÜRETİLMİŞ") -> 10 | E27: =COUNTIFS(RADAR!$K$2:$K$1192,1,RADAR!$D$2:$D$1192,1,RADAR!$F$2:$F$1192,1) -> 14 | F27: =COUNTIFS(RADAR!$K$2:$K$1192,1,RADAR!$D$2:$D$1192,0) -> 15
A28: R6 · YENİ B-capex köprü kırığı çekirdek | B28: =COUNTIFS(RADAR!$L$2:$L$1192,1,RADAR!$D$2:$D$1192,1) -> 105 | C28: 62 | D28: =COUNTIFS(RADAR!$L$2:$L$1192,1,RADAR!$D$2:$D$1192,1,RADAR!$AU$2:$AU$1192,"KESİN")+COUNTIFS(RADAR!$L$2:$L$1192,1,RADAR!$D$2:$D$1192,1,RADAR!$AU$2:$AU$1192,"TÜRETİLMİŞ") -> 69 | E28: =COUNTIFS(RADAR!$L$2:$L$1192,1,RADAR!$D$2:$D$1192,1,RADAR!$F$2:$F$1192,1) -> 6 | F28: =COUNTIFS(RADAR!$L$2:$L$1192,1,RADAR!$D$2:$D$1192,0) -> 31
A29: R7 · YENİ B-capex köprü kırığı geniş | B29: =COUNTIFS(RADAR!$M$2:$M$1192,1,RADAR!$D$2:$D$1192,1) -> 307 | C29: 134 | D29: =COUNTIFS(RADAR!$M$2:$M$1192,1,RADAR!$D$2:$D$1192,1,RADAR!$AU$2:$AU$1192,"KESİN")+COUNTIFS(RADAR!$M$2:$M$1192,1,RADAR!$D$2:$D$1192,1,RADAR!$AU$2:$AU$1192,"TÜRETİLMİŞ") -> 200 | E29: =COUNTIFS(RADAR!$M$2:$M$1192,1,RADAR!$D$2:$D$1192,1,RADAR!$F$2:$F$1192,1) -> 207 | F29: =COUNTIFS(RADAR!$M$2:$M$1192,1,RADAR!$D$2:$D$1192,0) -> 72
A30: R1–R3 mevcut V7 listeleri (V7 değerlerinden). R4–R7 Evo ham satırlarından: A = köprü noktalarından (YTD_cari, FY_önceki, YTD_önceki; yıllık pencerede yalnız YTD) en az biri > 0 ve TTM < 0. B çekirdek = üç nokta dolu, FY_önceki − YTD_önceki > 1 mn ve > %5 |YTD_önceki|, TTM işaretinden bağımsız. B geniş = önceki yılda YTD_önceki → FY_önceki arasında ardışık raporlarda kümülatif gerileme (> 1 mn ve > %5; sıfırlar atlanır).
A32: 3. Radarlar arası kesişimler (V7 kapsamı; köşegen = radarın kendi sayısı)
B33: R1 | C33: R2 | D33: R3 | E33: R4 | F33: R5 | G33: R6 | H33: R7
A34: R1 · 90 pozitif-TTM kira (V7) | B34: =SUMPRODUCT((RADAR!$G$2:$G$1192=1)*(RADAR!$G$2:$G$1192=1)*(RADAR!$D$2:$D$1192=1)) -> 90 | C34: =SUMPRODUCT((RADAR!$G$2:$G$1192=1)*(RADAR!$H$2:$H$1192=1)*(RADAR!$D$2:$D$1192=1)) -> 4 | D34: =SUMPRODUCT((RADAR!$G$2:$G$1192=1)*(RADAR!$I$2:$I$1192=1)*(RADAR!$D$2:$D$1192=1)) -> 0 | E34: =SUMPRODUCT((RADAR!$G$2:$G$1192=1)*(RADAR!$J$2:$J$1192=1)*(RADAR!$D$2:$D$1192=1)) -> 0 | F34: =SUMPRODUCT((RADAR!$G$2:$G$1192=1)*(RADAR!$K$2:$K$1192=1)*(RADAR!$D$2:$D$1192=1)) -> 0 | G34: =SUMPRODUCT((RADAR!$G$2:$G$1192=1)*(RADAR!$L$2:$L$1192=1)*(RADAR!$D$2:$D$1192=1)) -> 0 | H34: =SUMPRODUCT((RADAR!$G$2:$G$1192=1)*(RADAR!$M$2:$M$1192=1)*(RADAR!$D$2:$D$1192=1)) -> 0
A35: R2 · 50 kira baz-kırığı çekirdeği (V7) | B35: =SUMPRODUCT((RADAR!$H$2:$H$1192=1)*(RADAR!$G$2:$G$1192=1)*(RADAR!$D$2:$D$1192=1)) -> 4 | C35: =SUMPRODUCT((RADAR!$H$2:$H$1192=1)*(RADAR!$H$2:$H$1192=1)*(RADAR!$D$2:$D$1192=1)) -> 50 | D35: =SUMPRODUCT((RADAR!$H$2:$H$1192=1)*(RADAR!$I$2:$I$1192=1)*(RADAR!$D$2:$D$1192=1)) -> 0 | E35: =SUMPRODUCT((RADAR!$H$2:$H$1192=1)*(RADAR!$J$2:$J$1192=1)*(RADAR!$D$2:$D$1192=1)) -> 6 | F35: =SUMPRODUCT((RADAR!$H$2:$H$1192=1)*(RADAR!$K$2:$K$1192=1)*(RADAR!$D$2:$D$1192=1)) -> 0 | G35: =SUMPRODUCT((RADAR!$H$2:$H$1192=1)*(RADAR!$L$2:$L$1192=1)*(RADAR!$D$2:$D$1192=1)) -> 0 | H35: =SUMPRODUCT((RADAR!$H$2:$H$1192=1)*(RADAR!$M$2:$M$1192=1)*(RADAR!$D$2:$D$1192=1)) -> 0
A36: R3 · 52 pozitif CAPEX (V7 K6) | B36: =SUMPRODUCT((RADAR!$I$2:$I$1192=1)*(RADAR!$G$2:$G$1192=1)*(RADAR!$D$2:$D$1192=1)) -> 0 | C36: =SUMPRODUCT((RADAR!$I$2:$I$1192=1)*(RADAR!$H$2:$H$1192=1)*(RADAR!$D$2:$D$1192=1)) -> 0 | D36: =SUMPRODUCT((RADAR!$I$2:$I$1192=1)*(RADAR!$I$2:$I$1192=1)*(RADAR!$D$2:$D$1192=1)) -> 52 | E36: =SUMPRODUCT((RADAR!$I$2:$I$1192=1)*(RADAR!$J$2:$J$1192=1)*(RADAR!$D$2:$D$1192=1)) -> 0 | F36: =SUMPRODUCT((RADAR!$I$2:$I$1192=1)*(RADAR!$K$2:$K$1192=1)*(RADAR!$D$2:$D$1192=1)) -> 0 | G36: =SUMPRODUCT((RADAR!$I$2:$I$1192=1)*(RADAR!$L$2:$L$1192=1)*(RADAR!$D$2:$D$1192=1)) -> 36 | H36: =SUMPRODUCT((RADAR!$I$2:$I$1192=1)*(RADAR!$M$2:$M$1192=1)*(RADAR!$D$2:$D$1192=1)) -> 34
A37: R4 · YENİ A-kira: kaynak pozitif + TTM negatif | B37: =SUMPRODUCT((RADAR!$J$2:$J$1192=1)*(RADAR!$G$2:$G$1192=1)*(RADAR!$D$2:$D$1192=1)) -> 0 | C37: =SUMPRODUCT((RADAR!$J$2:$J$1192=1)*(RADAR!$H$2:$H$1192=1)*(RADAR!$D$2:$D$1192=1)) -> 6 | D37: =SUMPRODUCT((RADAR!$J$2:$J$1192=1)*(RADAR!$I$2:$I$1192=1)*(RADAR!$D$2:$D$1192=1)) -> 0 | E37: =SUMPRODUCT((RADAR!$J$2:$J$1192=1)*(RADAR!$J$2:$J$1192=1)*(RADAR!$D$2:$D$1192=1)) -> 62 | F37: =SUMPRODUCT((RADAR!$J$2:$J$1192=1)*(RADAR!$K$2:$K$1192=1)*(RADAR!$D$2:$D$1192=1)) -> 0 | G37: =SUMPRODUCT((RADAR!$J$2:$J$1192=1)*(RADAR!$L$2:$L$1192=1)*(RADAR!$D$2:$D$1192=1)) -> 0 | H37: =SUMPRODUCT((RADAR!$J$2:$J$1192=1)*(RADAR!$M$2:$M$1192=1)*(RADAR!$D$2:$D$1192=1)) -> 0
A38: R5 · YENİ A-capex: kaynak pozitif + TTM negatif | B38: =SUMPRODUCT((RADAR!$K$2:$K$1192=1)*(RADAR!$G$2:$G$1192=1)*(RADAR!$D$2:$D$1192=1)) -> 0 | C38: =SUMPRODUCT((RADAR!$K$2:$K$1192=1)*(RADAR!$H$2:$H$1192=1)*(RADAR!$D$2:$D$1192=1)) -> 0 | D38: =SUMPRODUCT((RADAR!$K$2:$K$1192=1)*(RADAR!$I$2:$I$1192=1)*(RADAR!$D$2:$D$1192=1)) -> 0 | E38: =SUMPRODUCT((RADAR!$K$2:$K$1192=1)*(RADAR!$J$2:$J$1192=1)*(RADAR!$D$2:$D$1192=1)) -> 0 | F38: =SUMPRODUCT((RADAR!$K$2:$K$1192=1)*(RADAR!$K$2:$K$1192=1)*(RADAR!$D$2:$D$1192=1)) -> 18 | G38: =SUMPRODUCT((RADAR!$K$2:$K$1192=1)*(RADAR!$L$2:$L$1192=1)*(RADAR!$D$2:$D$1192=1)) -> 1 | H38: =SUMPRODUCT((RADAR!$K$2:$K$1192=1)*(RADAR!$M$2:$M$1192=1)*(RADAR!$D$2:$D$1192=1)) -> 4
A39: R6 · YENİ B-capex köprü kırığı çekirdek | B39: =SUMPRODUCT((RADAR!$L$2:$L$1192=1)*(RADAR!$G$2:$G$1192=1)*(RADAR!$D$2:$D$1192=1)) -> 0 | C39: =SUMPRODUCT((RADAR!$L$2:$L$1192=1)*(RADAR!$H$2:$H$1192=1)*(RADAR!$D$2:$D$1192=1)) -> 0 | D39: =SUMPRODUCT((RADAR!$L$2:$L$1192=1)*(RADAR!$I$2:$I$1192=1)*(RADAR!$D$2:$D$1192=1)) -> 36 | E39: =SUMPRODUCT((RADAR!$L$2:$L$1192=1)*(RADAR!$J$2:$J$1192=1)*(RADAR!$D$2:$D$1192=1)) -> 0 | F39: =SUMPRODUCT((RADAR!$L$2:$L$1192=1)*(RADAR!$K$2:$K$1192=1)*(RADAR!$D$2:$D$1192=1)) -> 1 | G39: =SUMPRODUCT((RADAR!$L$2:$L$1192=1)*(RADAR!$L$2:$L$1192=1)*(RADAR!$D$2:$D$1192=1)) -> 105 | H39: =SUMPRODUCT((RADAR!$L$2:$L$1192=1)*(RADAR!$M$2:$M$1192=1)*(RADAR!$D$2:$D$1192=1)) -> 94
A40: R7 · YENİ B-capex köprü kırığı geniş | B40: =SUMPRODUCT((RADAR!$M$2:$M$1192=1)*(RADAR!$G$2:$G$1192=1)*(RADAR!$D$2:$D$1192=1)) -> 0 | C40: =SUMPRODUCT((RADAR!$M$2:$M$1192=1)*(RADAR!$H$2:$H$1192=1)*(RADAR!$D$2:$D$1192=1)) -> 0 | D40: =SUMPRODUCT((RADAR!$M$2:$M$1192=1)*(RADAR!$I$2:$I$1192=1)*(RADAR!$D$2:$D$1192=1)) -> 34 | E40: =SUMPRODUCT((RADAR!$M$2:$M$1192=1)*(RADAR!$J$2:$J$1192=1)*(RADAR!$D$2:$D$1192=1)) -> 0 | F40: =SUMPRODUCT((RADAR!$M$2:$M$1192=1)*(RADAR!$K$2:$K$1192=1)*(RADAR!$D$2:$D$1192=1)) -> 4 | G40: =SUMPRODUCT((RADAR!$M$2:$M$1192=1)*(RADAR!$L$2:$L$1192=1)*(RADAR!$D$2:$D$1192=1)) -> 94 | H40: =SUMPRODUCT((RADAR!$M$2:$M$1192=1)*(RADAR!$M$2:$M$1192=1)*(RADAR!$D$2:$D$1192=1)) -> 307
A41: Tetikleyen radar adedi | B41: Satır
A42: 1 radar | B42: =COUNTIFS(RADAR!$D$2:$D$1192,1,RADAR!$E$2:$E$1192,1,RADAR!$F$2:$F$1192,1) -> 422
A43: 2 radar | B43: =COUNTIFS(RADAR!$D$2:$D$1192,1,RADAR!$E$2:$E$1192,1,RADAR!$F$2:$F$1192,2) -> 83
A44: 3 radar | B44: =COUNTIFS(RADAR!$D$2:$D$1192,1,RADAR!$E$2:$E$1192,1,RADAR!$F$2:$F$1192,3) -> 32
A45: 4 radar | B45: =COUNTIFS(RADAR!$D$2:$D$1192,1,RADAR!$E$2:$E$1192,1,RADAR!$F$2:$F$1192,4) -> 0
A47: 3b. İşaret katmanları (V7 kapsamı, RADAR sayfasındaki tüm satırlar)
A48: Katman | B48: Kira anapara | C48: MDV+MODV alımı | D48: YAGM alımı
A49: KAYNAK: YTD_cari > 0 | B49: =COUNTIFS(RADAR!$AC$2:$AC$1192,1,RADAR!$D$2:$D$1192,1,RADAR!$B$2:$B$1192,"Kira anapara") -> 63 | C49: =COUNTIFS(RADAR!$AC$2:$AC$1192,1,RADAR!$D$2:$D$1192,1,RADAR!$B$2:$B$1192,"MDV+MODV alımı") -> 25 | D49: =COUNTIFS(RADAR!$AC$2:$AC$1192,1,RADAR!$D$2:$D$1192,1,RADAR!$B$2:$B$1192,"YAGM alımı") -> 7
A50: KAYNAK: FY_önceki > 0 | B50: =COUNTIFS(RADAR!$AD$2:$AD$1192,1,RADAR!$D$2:$D$1192,1,RADAR!$B$2:$B$1192,"Kira anapara") -> 61 | C50: =COUNTIFS(RADAR!$AD$2:$AD$1192,1,RADAR!$D$2:$D$1192,1,RADAR!$B$2:$B$1192,"MDV+MODV alımı") -> 11 | D50: =COUNTIFS(RADAR!$AD$2:$AD$1192,1,RADAR!$D$2:$D$1192,1,RADAR!$B$2:$B$1192,"YAGM alımı") -> 7
A51: KAYNAK: YTD_önceki > 0 | B51: =COUNTIFS(RADAR!$AE$2:$AE$1192,1,RADAR!$D$2:$D$1192,1,RADAR!$B$2:$B$1192,"Kira anapara") -> 54 | C51: =COUNTIFS(RADAR!$AE$2:$AE$1192,1,RADAR!$D$2:$D$1192,1,RADAR!$B$2:$B$1192,"MDV+MODV alımı") -> 21 | D51: =COUNTIFS(RADAR!$AE$2:$AE$1192,1,RADAR!$D$2:$D$1192,1,RADAR!$B$2:$B$1192,"YAGM alımı") -> 6
A52: KAYNAK: herhangi biri | B52: =COUNTIFS(RADAR!$O$2:$O$1192,1,RADAR!$D$2:$D$1192,1,RADAR!$B$2:$B$1192,"Kira anapara") -> 141 | C52: =COUNTIFS(RADAR!$O$2:$O$1192,1,RADAR!$D$2:$D$1192,1,RADAR!$B$2:$B$1192,"MDV+MODV alımı") -> 44 | D52: =COUNTIFS(RADAR!$O$2:$O$1192,1,RADAR!$D$2:$D$1192,1,RADAR!$B$2:$B$1192,"YAGM alımı") -> 17
A53: ÇEYREK: pencerede en az bir pozitif çeyrek | B53: =COUNTIFS(RADAR!$P$2:$P$1192,1,RADAR!$D$2:$D$1192,1,RADAR!$B$2:$B$1192,"Kira anapara") -> 421 | C53: =COUNTIFS(RADAR!$P$2:$P$1192,1,RADAR!$D$2:$D$1192,1,RADAR!$B$2:$B$1192,"MDV+MODV alımı") -> 473 | D53: =COUNTIFS(RADAR!$P$2:$P$1192,1,RADAR!$D$2:$D$1192,1,RADAR!$B$2:$B$1192,"YAGM alımı") -> 36
A54: ÇEYREK: cari yıl kümülatif gerilemesi (> 1 mn) | B54: =COUNTIFS(RADAR!$S$2:$S$1192,1,RADAR!$D$2:$D$1192,1,RADAR!$B$2:$B$1192,"Kira anapara") -> 137 | C54: =COUNTIFS(RADAR!$S$2:$S$1192,1,RADAR!$D$2:$D$1192,1,RADAR!$B$2:$B$1192,"MDV+MODV alımı") -> 192 | D54: =COUNTIFS(RADAR!$S$2:$S$1192,1,RADAR!$D$2:$D$1192,1,RADAR!$B$2:$B$1192,"YAGM alımı") -> 15
A55: TTM: Evo TTM > 0 | B55: =COUNTIFS(RADAR!$N$2:$N$1192,1,RADAR!$D$2:$D$1192,1,RADAR!$B$2:$B$1192,"Kira anapara") -> 85 | C55: =COUNTIFS(RADAR!$N$2:$N$1192,1,RADAR!$D$2:$D$1192,1,RADAR!$B$2:$B$1192,"MDV+MODV alımı") -> 63 | D55: =COUNTIFS(RADAR!$N$2:$N$1192,1,RADAR!$D$2:$D$1192,1,RADAR!$B$2:$B$1192,"YAGM alımı") -> 7
A56: Çeyrek katmanı RADAR sayfasında yalnız başka bir radarla birlikte ya da cari yıl gerilemesi olarak yer alır; pencerede herhangi bir pozitif çeyreği olan tüm V7 satırlarının sayısı (kira 536, MDV 606, YAGM 59) bu tabloda değil, OKUBENI notundadır.
A58: 4. Belgelenmiş örneklem (Kademe-1 pilot 108 satır + Kademe-2 17 satır)
A59: Gerçek durum | B59: Toplam | C59: Kademe-1 | D59: Kademe-2
A60: HATA | B60: =COUNTIFS(ORNEKLEM!$K$2:$K$126,"HATA") -> 41 | C60: =COUNTIFS(ORNEKLEM!$K$2:$K$126,"HATA",ORNEKLEM!$A$2:$A$126,"Kademe-1 (pilot)") -> 33 | D60: =COUNTIFS(ORNEKLEM!$K$2:$K$126,"HATA",ORNEKLEM!$A$2:$A$126,"Kademe-2") -> 8
A61: ÖNEMSİZ | B61: =COUNTIFS(ORNEKLEM!$K$2:$K$126,"ÖNEMSİZ") -> 20 | C61: =COUNTIFS(ORNEKLEM!$K$2:$K$126,"ÖNEMSİZ",ORNEKLEM!$A$2:$A$126,"Kademe-1 (pilot)") -> 14 | D61: =COUNTIFS(ORNEKLEM!$K$2:$K$126,"ÖNEMSİZ",ORNEKLEM!$A$2:$A$126,"Kademe-2") -> 6
A62: TEMİZ | B62: =COUNTIFS(ORNEKLEM!$K$2:$K$126,"TEMİZ") -> 63 | C62: =COUNTIFS(ORNEKLEM!$K$2:$K$126,"TEMİZ",ORNEKLEM!$A$2:$A$126,"Kademe-1 (pilot)") -> 61 | D62: =COUNTIFS(ORNEKLEM!$K$2:$K$126,"TEMİZ",ORNEKLEM!$A$2:$A$126,"Kademe-2") -> 2
A63: BELİRSİZ | B63: =COUNTIFS(ORNEKLEM!$K$2:$K$126,"BELİRSİZ") -> 1 | C63: =COUNTIFS(ORNEKLEM!$K$2:$K$126,"BELİRSİZ",ORNEKLEM!$A$2:$A$126,"Kademe-1 (pilot)") -> 0 | D63: =COUNTIFS(ORNEKLEM!$K$2:$K$126,"BELİRSİZ",ORNEKLEM!$A$2:$A$126,"Kademe-2") -> 1
A64: Toplam | B64: =SUM(B60:B63) -> 125 | C64: =SUM(C60:C63) -> 108 | D64: =SUM(D60:D63) -> 17
A65: Kural (alarm = kural tetikler; pozitif = HATA; negatif = TEMİZ + ÖNEMSİZ; BELİRSİZ hariç) | B65: TP | C65: FN | D65: FP | E65: TN
A66: Mevcut K6 (V7 uygulaması: TTM > 0 → satır kullanılmaz) | B66: =COUNTIFS(ORNEKLEM!$K$2:$K$126,"HATA",ORNEKLEM!$H$2:$H$126,1) -> 17 | C66: =COUNTIFS(ORNEKLEM!$K$2:$K$126,"HATA",ORNEKLEM!$H$2:$H$126,0) -> 24 | D66: =COUNTIFS(ORNEKLEM!$K$2:$K$126,"TEMİZ",ORNEKLEM!$H$2:$H$126,1)+COUNTIFS(ORNEKLEM!$K$2:$K$126,"ÖNEMSİZ",ORNEKLEM!$H$2:$H$126,1) -> 13 | E66: =COUNTIFS(ORNEKLEM!$K$2:$K$126,"TEMİZ",ORNEKLEM!$H$2:$H$126,0)+COUNTIFS(ORNEKLEM!$K$2:$K$126,"ÖNEMSİZ",ORNEKLEM!$H$2:$H$126,0) -> 70
A67: Aday K6(a) veya K11(d) (pilot taslağı, eşikler 1 mn / %5) | B67: =COUNTIFS(ORNEKLEM!$K$2:$K$126,"HATA",ORNEKLEM!$I$2:$I$126,1)+COUNTIFS(ORNEKLEM!$K$2:$K$126,"HATA",ORNEKLEM!$I$2:$I$126,0,ORNEKLEM!$J$2:$J$126,1) -> 33 | C67: =COUNTIFS(ORNEKLEM!$K$2:$K$126,"HATA",ORNEKLEM!$I$2:$I$126,0,ORNEKLEM!$J$2:$J$126,0) -> 8 | D67: =COUNTIFS(ORNEKLEM!$K$2:$K$126,"TEMİZ",ORNEKLEM!$I$2:$I$126,1)+COUNTIFS(ORNEKLEM!$K$2:$K$126,"TEMİZ",ORNEKLEM!$I$2:$I$126,0,ORNEKLEM!$J$2:$J$126,1)+COUNTIFS(ORNEKLEM!$K$2:$K$126,"ÖNEMSİZ",ORNEKLEM!$I$2:$I$126,1)+COUNTIFS(ORNEKLEM!$K$2:$K$126,"ÖNEMSİZ",ORNEKLEM!$I$2:$I$126,0,ORNEKLEM!$J$2:$J$126,1) -> 17 | E67: =COUNTIFS(ORNEKLEM!$K$2:$K$126,"TEMİZ",ORNEKLEM!$I$2:$I$126,0,ORNEKLEM!$J$2:$J$126,0)+COUNTIFS(ORNEKLEM!$K$2:$K$126,"ÖNEMSİZ",ORNEKLEM!$I$2:$I$126,0,ORNEKLEM!$J$2:$J$126,0) -> 66
A68: Mevcut K6'da "TP" yalnız kuralın tetiklediğini gösterir; tetiklediği satırların çoğunda sonuç (satır 0 + KESİN) yine yanlıştır — bkz. bölüm 5 ve KACIRILAN. Örneklem anomali şüphesiyle seçildi, rastgele değildir; oranlar evrene taşınamaz.
A70: 5. İki aday statü politikasının karşılaştırması (karar verilmedi)
A71: P0 = mevcut V7. P1 = kaynak pozitif → satır kullanılmaz + KOŞULLU. P2 = kaynak pozitif → satır kullanılmaz + KESİN + not. İkisinde de K11(d) köprü çelişkisi → KOŞULLU. V7'de zaten KOŞULLU / NULL olan satırların statüsü değişmez.
A72: 5a. Belgelenmiş örneklem — V7 statüsü KESİN / TÜRETİLMİŞ olan satırlar
A73: Sonuç | B73: P0 mevcut | C73: P1 | D73: P2 | E73: P1: kira | F73: P1: capex | G73: P2: kira | H73: P2: capex
A74: SESSİZ HATA | B74: =COUNTIFS(ORNEKLEM!$R$2:$R$126,"SESSİZ HATA") -> 35 | C74: =COUNTIFS(ORNEKLEM!$S$2:$S$126,"SESSİZ HATA") -> 6 | D74: =COUNTIFS(ORNEKLEM!$T$2:$T$126,"SESSİZ HATA") -> 24 | E74: =COUNTIFS(ORNEKLEM!$S$2:$S$126,"SESSİZ HATA",ORNEKLEM!$C$2:$C$126,"Kira anapara") -> 3 | F74: =COUNTIFS(ORNEKLEM!$S$2:$S$126,"SESSİZ HATA")-E74 -> 3 | G74: =COUNTIFS(ORNEKLEM!$T$2:$T$126,"SESSİZ HATA",ORNEKLEM!$C$2:$C$126,"Kira anapara") -> 7 | H74: =COUNTIFS(ORNEKLEM!$T$2:$T$126,"SESSİZ HATA")-G74 -> 17
A75: YAKALANDI | B75: =COUNTIFS(ORNEKLEM!$R$2:$R$126,"YAKALANDI") -> 0 | C75: =COUNTIFS(ORNEKLEM!$S$2:$S$126,"YAKALANDI") -> 29 | D75: =COUNTIFS(ORNEKLEM!$T$2:$T$126,"YAKALANDI") -> 11 | E75: =COUNTIFS(ORNEKLEM!$S$2:$S$126,"YAKALANDI",ORNEKLEM!$C$2:$C$126,"Kira anapara") -> 9 | F75: =COUNTIFS(ORNEKLEM!$S$2:$S$126,"YAKALANDI")-E75 -> 20 | G75: =COUNTIFS(ORNEKLEM!$T$2:$T$126,"YAKALANDI",ORNEKLEM!$C$2:$C$126,"Kira anapara") -> 5 | H75: =COUNTIFS(ORNEKLEM!$T$2:$T$126,"YAKALANDI")-G75 -> 6
A76: YANLIŞ ALARM | B76: =COUNTIFS(ORNEKLEM!$R$2:$R$126,"YANLIŞ ALARM") -> 0 | C76: =COUNTIFS(ORNEKLEM!$S$2:$S$126,"YANLIŞ ALARM") -> 16 | D76: =COUNTIFS(ORNEKLEM!$T$2:$T$126,"YANLIŞ ALARM") -> 0 | E76: =COUNTIFS(ORNEKLEM!$S$2:$S$126,"YANLIŞ ALARM",ORNEKLEM!$C$2:$C$126,"Kira anapara") -> 16 | F76: =COUNTIFS(ORNEKLEM!$S$2:$S$126,"YANLIŞ ALARM")-E76 -> 0 | G76: =COUNTIFS(ORNEKLEM!$T$2:$T$126,"YANLIŞ ALARM",ORNEKLEM!$C$2:$C$126,"Kira anapara") -> 0 | H76: =COUNTIFS(ORNEKLEM!$T$2:$T$126,"YANLIŞ ALARM")-G76 -> 0
A77: DOĞRU SESSİZ | B77: =COUNTIFS(ORNEKLEM!$R$2:$R$126,"DOĞRU SESSİZ") -> 74 | C77: =COUNTIFS(ORNEKLEM!$S$2:$S$126,"DOĞRU SESSİZ") -> 58 | D77: =COUNTIFS(ORNEKLEM!$T$2:$T$126,"DOĞRU SESSİZ") -> 74 | E77: =COUNTIFS(ORNEKLEM!$S$2:$S$126,"DOĞRU SESSİZ",ORNEKLEM!$C$2:$C$126,"Kira anapara") -> 23 | F77: =COUNTIFS(ORNEKLEM!$S$2:$S$126,"DOĞRU SESSİZ")-E77 -> 35 | G77: =COUNTIFS(ORNEKLEM!$T$2:$T$126,"DOĞRU SESSİZ",ORNEKLEM!$C$2:$C$126,"Kira anapara") -> 39 | H77: =COUNTIFS(ORNEKLEM!$T$2:$T$126,"DOĞRU SESSİZ")-G77 -> 35
A78: BELİRSİZ — işaretlendi | B78: =COUNTIFS(ORNEKLEM!$R$2:$R$126,"BELİRSİZ — işaretlendi") -> 0 | C78: =COUNTIFS(ORNEKLEM!$S$2:$S$126,"BELİRSİZ — işaretlendi") -> 1 | D78: =COUNTIFS(ORNEKLEM!$T$2:$T$126,"BELİRSİZ — işaretlendi") -> 0 | E78: =COUNTIFS(ORNEKLEM!$S$2:$S$126,"BELİRSİZ — işaretlendi",ORNEKLEM!$C$2:$C$126,"Kira anapara") -> 1 | F78: =COUNTIFS(ORNEKLEM!$S$2:$S$126,"BELİRSİZ — işaretlendi")-E78 -> 0 | G78: =COUNTIFS(ORNEKLEM!$T$2:$T$126,"BELİRSİZ — işaretlendi",ORNEKLEM!$C$2:$C$126,"Kira anapara") -> 0 | H78: =COUNTIFS(ORNEKLEM!$T$2:$T$126,"BELİRSİZ — işaretlendi")-G78 -> 0
A79: BELİRSİZ — işaretlenmedi | B79: =COUNTIFS(ORNEKLEM!$R$2:$R$126,"BELİRSİZ — işaretlenmedi") -> 1 | C79: =COUNTIFS(ORNEKLEM!$S$2:$S$126,"BELİRSİZ — işaretlenmedi") -> 0 | D79: =COUNTIFS(ORNEKLEM!$T$2:$T$126,"BELİRSİZ — işaretlenmedi") -> 1 | E79: =COUNTIFS(ORNEKLEM!$S$2:$S$126,"BELİRSİZ — işaretlenmedi",ORNEKLEM!$C$2:$C$126,"Kira anapara") -> 0 | F79: =COUNTIFS(ORNEKLEM!$S$2:$S$126,"BELİRSİZ — işaretlenmedi")-E79 -> 0 | G79: =COUNTIFS(ORNEKLEM!$T$2:$T$126,"BELİRSİZ — işaretlenmedi",ORNEKLEM!$C$2:$C$126,"Kira anapara") -> 1 | H79: =COUNTIFS(ORNEKLEM!$T$2:$T$126,"BELİRSİZ — işaretlenmedi")-G79 -> 0
A80: V7 zaten KOŞULLU / NULL (politikadan etkilenmez) | B80: =COUNTIFS(ORNEKLEM!$R$2:$R$126,"V7 zaten*") -> 15 | C80: =COUNTIFS(ORNEKLEM!$S$2:$S$126,"V7 zaten*") -> 15 | D80: =COUNTIFS(ORNEKLEM!$T$2:$T$126,"V7 zaten*") -> 15
A81: 5b. V7 evreni (3.048 FCF satırı) — statü geçişleri
A82: Ölçü | B82: P1 | C82: P2 | D82: Fark (P1 − P2)
A83: KESİN / TÜRETİLMİŞ → KOŞULLU olan FCF satırı | B83: =SUM(FCF_SIM!$P$2:$P$340) -> 214 | C83: =SUM(FCF_SIM!$Q$2:$Q$340) -> 111 | D83: =B83-C83 -> 103
A84: bunlardan KESİN | B84: =COUNTIFS(FCF_SIM!$P$2:$P$340,1,FCF_SIM!$C$2:$C$340,"KESİN") -> 187 | C84: =COUNTIFS(FCF_SIM!$Q$2:$Q$340,1,FCF_SIM!$C$2:$C$340,"KESİN") -> 104 | D84: =B84-C84 -> 83
A85: bunlardan TÜRETİLMİŞ | B85: =COUNTIFS(FCF_SIM!$P$2:$P$340,1,FCF_SIM!$C$2:$C$340,"TÜRETİLMİŞ") -> 27 | C85: =COUNTIFS(FCF_SIM!$Q$2:$Q$340,1,FCF_SIM!$C$2:$C$340,"TÜRETİLMİŞ") -> 7 | D85: =B85-C85 -> 20
A86: Şirket sayısı | B86: 106 | C86: 72 | D86: 46
A87: V7'deki KOŞULLU satır sayısı (172) sonrası | B87: =172+B83 -> 386 | C87: =172+C83 -> 283
A88: Kaynak pozitif olup K11(d) tetiklemeyen KESİN / TÜRETİLMİŞ satırlar: P1'de KOŞULLU, P2'de KESİN + not kalır | B88: Satır
A89: anomali göstergesi / |FCF|: %1 altı | B89: =COUNTIFS(FCF_SIM!$F$2:$F$340,1,FCF_SIM!$H$2:$H$340,0,FCF_SIM!$C$2:$C$340,"KESİN",FCF_SIM!$M$2:$M$340,"%1 altı")+COUNTIFS(FCF_SIM!$F$2:$F$340,1,FCF_SIM!$H$2:$H$340,0,FCF_SIM!$C$2:$C$340,"TÜRETİLMİŞ",FCF_SIM!$M$2:$M$340,"%1 altı") -> 16
A90: anomali göstergesi / |FCF|: %1–5 | B90: =COUNTIFS(FCF_SIM!$F$2:$F$340,1,FCF_SIM!$H$2:$H$340,0,FCF_SIM!$C$2:$C$340,"KESİN",FCF_SIM!$M$2:$M$340,"%1–5")+COUNTIFS(FCF_SIM!$F$2:$F$340,1,FCF_SIM!$H$2:$H$340,0,FCF_SIM!$C$2:$C$340,"TÜRETİLMİŞ",FCF_SIM!$M$2:$M$340,"%1–5") -> 33
A91: anomali göstergesi / |FCF|: %5–10 | B91: =COUNTIFS(FCF_SIM!$F$2:$F$340,1,FCF_SIM!$H$2:$H$340,0,FCF_SIM!$C$2:$C$340,"KESİN",FCF_SIM!$M$2:$M$340,"%5–10")+COUNTIFS(FCF_SIM!$F$2:$F$340,1,FCF_SIM!$H$2:$H$340,0,FCF_SIM!$C$2:$C$340,"TÜRETİLMİŞ",FCF_SIM!$M$2:$M$340,"%5–10") -> 9
A92: anomali göstergesi / |FCF|: %10–25 | B92: =COUNTIFS(FCF_SIM!$F$2:$F$340,1,FCF_SIM!$H$2:$H$340,0,FCF_SIM!$C$2:$C$340,"KESİN",FCF_SIM!$M$2:$M$340,"%10–25")+COUNTIFS(FCF_SIM!$F$2:$F$340,1,FCF_SIM!$H$2:$H$340,0,FCF_SIM!$C$2:$C$340,"TÜRETİLMİŞ",FCF_SIM!$M$2:$M$340,"%10–25") -> 19
A93: anomali göstergesi / |FCF|: %25 üstü | B93: =COUNTIFS(FCF_SIM!$F$2:$F$340,1,FCF_SIM!$H$2:$H$340,0,FCF_SIM!$C$2:$C$340,"KESİN",FCF_SIM!$M$2:$M$340,"%25 üstü")+COUNTIFS(FCF_SIM!$F$2:$F$340,1,FCF_SIM!$H$2:$H$340,0,FCF_SIM!$C$2:$C$340,"TÜRETİLMİŞ",FCF_SIM!$M$2:$M$340,"%25 üstü") -> 26
A94: toplam | B94: =SUM(B89:B93) -> 103
A95: K11(d) geçişleri (iki politikada ortak), KESİN / TÜRETİLMİŞ | B95: Satır
A96: anomali göstergesi / |FCF|: %1 altı | B96: =COUNTIFS(FCF_SIM!$H$2:$H$340,1,FCF_SIM!$C$2:$C$340,"KESİN",FCF_SIM!$M$2:$M$340,"%1 altı")+COUNTIFS(FCF_SIM!$H$2:$H$340,1,FCF_SIM!$C$2:$C$340,"TÜRETİLMİŞ",FCF_SIM!$M$2:$M$340,"%1 altı") -> 17
A97: anomali göstergesi / |FCF|: %1–5 | B97: =COUNTIFS(FCF_SIM!$H$2:$H$340,1,FCF_SIM!$C$2:$C$340,"KESİN",FCF_SIM!$M$2:$M$340,"%1–5")+COUNTIFS(FCF_SIM!$H$2:$H$340,1,FCF_SIM!$C$2:$C$340,"TÜRETİLMİŞ",FCF_SIM!$M$2:$M$340,"%1–5") -> 24
A98: anomali göstergesi / |FCF|: %5–10 | B98: =COUNTIFS(FCF_SIM!$H$2:$H$340,1,FCF_SIM!$C$2:$C$340,"KESİN",FCF_SIM!$M$2:$M$340,"%5–10")+COUNTIFS(FCF_SIM!$H$2:$H$340,1,FCF_SIM!$C$2:$C$340,"TÜRETİLMİŞ",FCF_SIM!$M$2:$M$340,"%5–10") -> 17
A99: anomali göstergesi / |FCF|: %10–25 | B99: =COUNTIFS(FCF_SIM!$H$2:$H$340,1,FCF_SIM!$C$2:$C$340,"KESİN",FCF_SIM!$M$2:$M$340,"%10–25")+COUNTIFS(FCF_SIM!$H$2:$H$340,1,FCF_SIM!$C$2:$C$340,"TÜRETİLMİŞ",FCF_SIM!$M$2:$M$340,"%10–25") -> 16
A100: anomali göstergesi / |FCF|: %25 üstü | B100: =COUNTIFS(FCF_SIM!$H$2:$H$340,1,FCF_SIM!$C$2:$C$340,"KESİN",FCF_SIM!$M$2:$M$340,"%25 üstü")+COUNTIFS(FCF_SIM!$H$2:$H$340,1,FCF_SIM!$C$2:$C$340,"TÜRETİLMİŞ",FCF_SIM!$M$2:$M$340,"%25 üstü") -> 37
A101: toplam | B101: =SUM(B96:B100) -> 111
A102: K6(a) "satır kullanılmaz" hükmünün değer etkisi (iki politikada ortak) | B102: FCF satırı | C102: KESİN / TÜRETİLMİŞ
A103: V7'nin hâlen tutar düştüğü, K6(a) ile 0'a inecek satırlar | B103: =SUM(FCF_SIM!$J$2:$J$340) -> 73 | C103: =COUNTIFS(FCF_SIM!$J$2:$J$340,1,FCF_SIM!$C$2:$C$340,"KESİN")+COUNTIFS(FCF_SIM!$J$2:$J$340,1,FCF_SIM!$C$2:$C$340,"TÜRETİLMİŞ") -> 55
A104: bileşen satırı / tutar (mn TL): kira | B104: 60 | C104: 5562.96
A105: bileşen satırı / tutar (mn TL): capex | B105: 15 | C105: 11721.89
A106: Belgelenmiş A sınıfı satırlarda (kaynak pozitif, TTM negatif) "0" hiçbir vakada doğru değer çıkmadı: ALCAR 2026/06 (≈59,6), VESBE 2025/03 (286,2 doğru), DYOBY 2025/03 (0 daha kötü). Bu, statü sorusundan bağımsız bir değer sorusudur.
...

Sheet RADAR
A1: Kod | B1: Kalem | C1: Dönem | D1: V7 kapsamında (1/0) | E1: 5 kümeden en az biri (1/0) | F1: Tetikleyen radar adedi (5 küme, 7 sütun) | G1: R1 · 90 pozitif-TTM kira (V7) | H1: R2 · 50 kira baz-kırığı çekirdeği (V7) | I1: R3 · 52 pozitif CAPEX (V7 K6) | J1: R4 · YENİ A-kira: kaynak pozitif + TTM negatif | K1: R5 · YENİ A-capex: kaynak pozitif + TTM negatif | L1: R6 · YENİ B-capex köprü kırığı çekirdek | M1: R7 · YENİ B-capex köprü kırığı geniş | N1: Yrd · Evo TTM > 0 | O1: Yrd · kaynak pozitif (herhangi) | P1: Yrd · pencerede pozitif çeyrek | Q1: Yrd · kira köprü çekirdek (Evo evreni) | R1: Yrd · kira köprü geniş (Evo evreni) | S1: Yrd · cari yıl kümülatif gerilemesi (>1 mn) | T1: YTD_cari | U1: FY_önceki | V1: YTD_önceki | W1: Mekanik TTM (formül) | X1: Evo try_ttm | Y1: Ç1 (pencerenin en eski çeyreği) | Z1: Ç2 | AA1: Ç3 | AB1: Ç4 (son çeyrek) | AC1: KAYNAK katmanı: YTD_cari > 0 | AD1: KAYNAK katmanı: FY_önceki > 0 | AE1: KAYNAK katmanı: YTD_önceki > 0 | AF1: Kaynak pozitif en büyük tutar | AG1: ÇEYREK katmanı: pozitif çeyrek adedi (formül) | AH1: ÇEYREK katmanı: cari yıl pozitif çeyrek toplamı (Q1 hariç) | AI1: ÇEYREK katmanı: önceki yıl kısmı pozitif çeyrek toplamı | AJ1: TTM katmanı: işaret (formül) | AK1: Köprü: FY_önceki − YTD_önceki (formül) | AL1: Köprü: fark / |YTD_önceki| (formül) | AM1: Eşik: fark > 1 mn (formül) | AN1: Eşik: fark > %5 |YTD_önceki| (formül) | AO1: V7 TTM değer | AP1: V7 formülde kullanılan | AQ1: V7 bileşen statüsü | AR1: V7 K6 bu kalemi dışladı (1/0) | AS1: V7 CFO_TTM | AT1: V7 FCF | AU1: V7 FCF statü | AV1: Anomali göstergesi (mn TL) | AW1: Anomali / |V7 FCF| (formül) | AX1: Aday K6(a) tetikler: kaynak pozitif (1/0) | AY1: Aday K11(d) tetikler: kaynak ≤0, fark >1 mn ve >%5 (1/0) | AZ1: Kaynak-pozitif noktada bölüm toplamı testi | BA1: Belgeli örneklemde (1/0)
A2: ACSEL | B2: MDV+MODV alımı | C2: 2025/03 | D2: 1 | E2: 1 | F2: =SUM(G2:M2) -> 1 | G2: 0 | H2: 0 | I2: 0 | J2: 0 | K2: 0 | L2: 0 | M2: 1 | N2: 0 | O2: 0 | P2: 1 | Q2: 0 | R2: 0 | S2: 0 | T2: -1.094 | U2: -22.519 | V2: -4.584 | W2: =IF(RIGHT(C2,2)="12",IF(ISNUMBER(T2),T2,""),IF(COUNT(T2,U2,V2)=3,T2+U2-V2,"")) -> -19.029 | X2: -19.029 | Y2: -8.715 | Z2: 1.974 | AA2: -11.193 | AB2: -1.094 | AC2: 0 | AD2: 0 | AE2: 0 | AF2: 0 | AG2: =COUNTIF(Y2:AB2,">0") -> 1 | AH2: 0 | AI2: 1.974 | AJ2: =IF(ISNUMBER(X2),IF(X2>0,"+",IF(X2<0,"−","0")),IF(ISNUMBER(W2),IF(W2>0,"+",IF(W2<0,"−","0")),"yok")) -> − | AK2: =IF(AND(RIGHT(C2,2)<>"12",ISNUMBER(U2),ISNUMBER(V2)),U2-V2,"") -> -17.935 | AL2: =IF(AND(ISNUMBER(AK2),ISNUMBER(V2)),IF(V2<>0,AK2/ABS(V2),""),"") -> -3.9125218 | AM2: =IF(ISNUMBER(AK2),IF(AK2>1,1,0),"") -> 0 | AN2: =IF(ISNUMBER(AK2),IF(AK2>0.05*ABS(V2),1,0),"") -> 0 | AO2: -19.029 | AP2: 19.029 | AQ2: KESİN | AR2: 0 | AS2: -78.993 | AT2: -98.022 | AU2: KESİN | AV2: 1.974 | AW2: =IF(AND(ISNUMBER(AV2),ISNUMBER(AT2)),IF(AT2<>0,AV2/ABS(AT2),""),"") -> 0.020138336 | AX2: 0 | AY2: 0 | BA2: 0
A3: ACSEL | B3: MDV+MODV alımı | C3: 2025/06 | D3: 1 | E3: 1 | F3: =SUM(G3:M3) -> 1 | G3: 0 | H3: 0 | I3: 0 | J3: 0 | K3: 0 | L3: 0 | M3: 1 | N3: 0 | O3: 0 | P3: 1 | Q3: 0 | R3: 0 | S3: 0 | T3: -4.602 | U3: -22.519 | V3: -13.299 | W3: =IF(RIGHT(C3,2)="12",IF(ISNUMBER(T3),T3,""),IF(COUNT(T3,U3,V3)=3,T3+U3-V3,"")) -> -13.822 | X3: -13.821 | Y3: 1.974 | Z3: -11.193 | AA3: -1.094 | AB3: -3.507 | AC3: 0 | AD3: 0 | AE3: 0 | AF3: 0 | AG3: =COUNTIF(Y3:AB3,">0") -> 1 | AH3: 0 | AI3: 1.974 | AJ3: =IF(ISNUMBER(X3),IF(X3>0,"+",IF(X3<0,"−","0")),IF(ISNUMBER(W3),IF(W3>0,"+",IF(W3<0,"−","0")),"yok")) -> − | AK3: =IF(AND(RIGHT(C3,2)<>"12",ISNUMBER(U3),ISNUMBER(V3)),U3-V3,"") -> -9.22 | AL3: =IF(AND(ISNUMBER(AK3),ISNUMBER(V3)),IF(V3<>0,AK3/ABS(V3),""),"") -> -0.69328521 | AM3: =IF(ISNUMBER(AK3),IF(AK3>1,1,0),"") -> 0 | AN3: =IF(ISNUMBER(AK3),IF(AK3>0.05*ABS(V3),1,0),"") -> 0 | AO3: -13.821 | AP3: 13.821 | AQ3: KESİN | AR3: 0 | AS3: -97.99 | AT3: -111.811 | AU3: KESİN | AV3: 1.974 | AW3: =IF(AND(ISNUMBER(AV3),ISNUMBER(AT3)),IF(AT3<>0,AV3/ABS(AT3),""),"") -> 0.017654792 | AX3: 0 | AY3: 0 | BA3: 0
A4: AFYON | B4: MDV+MODV alımı | C4: 2025/03 | D4: 1 | E4: 1 | F4: =SUM(G4:M4) -> 1 | G4: 0 | H4: 0 | I4: 0 | J4: 0 | K4: 0 | L4: 0 | M4: 1 | N4: 0 | O4: 0 | P4: 1 | Q4: 0 | R4: 0 | S4: 0 | T4: -238.282 | U4: -472.01 | V4: -50.532 | W4: =IF(RIGHT(C4,2)="12",IF(ISNUMBER(T4),T4,""),IF(COUNT(T4,U4,V4)=3,T4+U4-V4,"")) -> -659.76 | X4: -659.76 | Y4: -344.7 | Z4: 200.19 | AA4: -276.968 | AB4: -238.282 | AC4: 0 | AD4: 0 | AE4: 0 | AF4: 0 | AG4: =COUNTIF(Y4:AB4,">0") -> 1 | AH4: 0 | AI4: 200.19 | AJ4: =IF(ISNUMBER(X4),IF(X4>0,"+",IF(X4<0,"−","0")),IF(ISNUMBER(W4),IF(W4>0,"+",IF(W4<0,"−","0")),"yok")) -> − | AK4: =IF(AND(RIGHT(C4,2)<>"12",ISNUMBER(U4),ISNUMBER(V4)),U4-V4,"") -> -421.478 | AL4: =IF(AND(ISNUMBER(AK4),ISNUMBER(V4)),IF(V4<>0,AK4/ABS(V4),""),"") -> -8.3408137 | AM4: =IF(ISNUMBER(AK4),IF(AK4>1,1,0),"") -> 0 | AN4: =IF(ISNUMBER(AK4),IF(AK4>0.05*ABS(V4),1,0),"") -> 0 | AO4: -659.761 | AP4: 659.761 | AQ4: KESİN | AR4: 0 | AS4: 1436.436 | AU4: NULL | AV4: 200.19 | AW4: =IF(AND(ISNUMBER(AV4),ISNUMBER(AT4)),IF(AT4<>0,AV4/ABS(AT4),""),"") | AX4: 0 | AY4: 0 | BA4: 0
A5: AFYON | B5: MDV+MODV alımı | C5: 2025/06 | D5: 1 | E5: 1 | F5: =SUM(G5:M5) -> 1 | G5: 0 | H5: 0 | I5: 0 | J5: 0 | K5: 0 | L5: 0 | M5: 1 | N5: 0 | O5: 0 | P5: 1 | Q5: 0 | R5: 0 | S5: 0 | T5: -358.412 | U5: -472.01 | V5: -395.232 | W5: =IF(RIGHT(C5,2)="12",IF(ISNUMBER(T5),T5,""),IF(COUNT(T5,U5,V5)=3,T5+U5-V5,"")) -> -435.19 | X5: -435.189 | Y5: 200.19 | Z5: -276.968 | AA5: -238.282 | AB5: -120.129 | AC5: 0 | AD5: 0 | AE5: 0 | AF5: 0 | AG5: =COUNTIF(Y5:AB5,">0") -> 1 | AH5: 0 | AI5: 200.19 | AJ5: =IF(ISNUMBER(X5),IF(X5>0,"+",IF(X5<0,"−","0")),IF(ISNUMBER(W5),IF(W5>0,"+",IF(W5<0,"−","0")),"yok")) -> − | AK5: =IF(AND(RIGHT(C5,2)<>"12",ISNUMBER(U5),ISNUMBER(V5)),U5-V5,"") -> -76.778 | AL5: =IF(AND(ISNUMBER(AK5),ISNUMBER(V5)),IF(V5<>0,AK5/ABS(V5),""),"") -> -0.19426059 | AM5: =IF(ISNUMBER(AK5),IF(AK5>1,1,0),"") -> 0 | AN5: =IF(ISNUMBER(AK5),IF(AK5>0.05*ABS(V5),1,0),"") -> 0 | AO5: -435.189 | AP5: 435.189 | AQ5: KESİN | AR5: 0 | AS5: 949.677 | AU5: NULL | AV5: 200.19 | AW5: =IF(AND(ISNUMBER(AV5),ISNUMBER(AT5)),IF(AT5<>0,AV5/ABS(AT5),""),"") | AX5: 0 | AY5: 0 | BA5: 0
A6: AFYON | B6: MDV+MODV alımı | C6: 2026/03 | D6: 1 | E6: 1 | F6: =SUM(G6:M6) -> 1 | G6: 0 | H6: 0 | I6: 0 | J6: 0 | K6: 0 | L6: 0 | M6: 1 | N6: 0 | O6: 0 | P6: 1 | Q6: 0 | R6: 0 | S6: 0 | T6: -31.922 | U6: -774.711 | V6: -238.282 | W6: =IF(RIGHT(C6,2)="12",IF(ISNUMBER(T6),T6,""),IF(COUNT(T6,U6,V6)=3,T6+U6-V6,"")) -> -568.351 | X6: -568.351 | Y6: -120.129 | Z6: 98.159 | AA6: -514.459 | AB6: -31.922 | AC6: 0 | AD6: 0 | AE6: 0 | AF6: 0 | AG6: =COUNTIF(Y6:AB6,">0") -> 1 | AH6: 0 | AI6: 98.159 | AJ6: =IF(ISNUMBER(X6),IF(X6>0,"+",IF(X6<0,"−","0")),IF(ISNUMBER(W6),IF(W6>0,"+",IF(W6<0,"−","0")),"yok")) -> − | AK6: =IF(AND(RIGHT(C6,2)<>"12",ISNUMBER(U6),ISNUMBER(V6)),U6-V6,"") -> -536.429 | AL6: =IF(AND(ISNUMBER(AK6),ISNUMBER(V6)),IF(V6<>0,AK6/ABS(V6),""),"") -> -2.2512359 | AM6: =IF(ISNUMBER(AK6),IF(AK6>1,1,0),"") -> 0 | AN6: =IF(ISNUMBER(AK6),IF(AK6>0.05*ABS(V6),1,0),"") -> 0 | AO6: -568.351 | AP6: 568.351 | AQ6: KESİN | AR6: 0 | AS6: 762.595 | AT6: 176.34476 | AU6: TÜRETİLMİŞ | AV6: 98.159 | AW6: =IF(AND(ISNUMBER(AV6),ISNUMBER(AT6)),IF(AT6<>0,AV6/ABS(AT6),""),"") -> 0.55663124 | AX6: 0 | AY6: 0 | BA6: 0
A7: AFYON | B7: MDV+MODV alımı | C7: 2026/06 | D7: 1 | E7: 1 | F7: =SUM(G7:M7) -> 1 | G7: 0 | H7: 0 | I7: 0 | J7: 0 | K7: 0 | L7: 0 | M7: 1 | N7: 0 | O7: 0 | P7: 1 | Q7: 0 | R7: 0 | S7: 0 | T7: -61.455 | U7: -774.711 | V7: -358.412 | W7: =IF(RIGHT(C7,2)="12",IF(ISNUMBER(T7),T7,""),IF(COUNT(T7,U7,V7)=3,T7+U7-V7,"")) -> -477.754 | X7: -477.755 | Y7: 98.159 | Z7: -514.459 | AA7: -31.922 | AB7: -29.533 | AC7: 0 | AD7: 0 | AE7: 0 | AF7: 0 | AG7: =COUNTIF(Y7:AB7,">0") -> 1 | AH7: 0 | AI7: 98.159 | AJ7: =IF(ISNUMBER(X7),IF(X7>0,"+",IF(X7<0,"−","0")),IF(ISNUMBER(W7),IF(W7>0,"+",IF(W7<0,"−","0")),"yok")) -> − | AK7: =IF(AND(RIGHT(C7,2)<>"12",ISNUMBER(U7),ISNUMBER(V7)),U7-V7,"") -> -416.299 | AL7: =IF(AND(ISNUMBER(AK7),ISNUMBER(V7)),IF(V7<>0,AK7/ABS(V7),""),"") -> -1.1615097 | AM7: =IF(ISNUMBER(AK7),IF(AK7>1,1,0),"") -> 0 | AN7: =IF(ISNUMBER(AK7),IF(AK7>0.05*ABS(V7),1,0),"") -> 0 | AO7: -477.756 | AP7: 477.756 | AQ7: KESİN | AR7: 0 | AS7: 1105.409 | AU7: NULL | AV7: 98.159 | AW7: =IF(AND(ISNUMBER(AV7),ISNUMBER(AT7)),IF(AT7<>0,AV7/ABS(AT7),""),"") | AX7: 0 | AY7: 0 | BA7: 0
A8: AGROT | B8: MDV+MODV alımı | C8: 2025/03 | D8: 1 | E8: 1 | F8: =SUM(G8:M8) -> 1 | G8: 0 | H8: 0 | I8: 0 | J8: 0 | K8: 0 | L8: 0 | M8: 1 | N8: 0 | O8: 0 | P8: 1 | Q8: 0 | R8: 0 | S8: 0 | T8: -10.577 | U8: -538.899 | V8: -247.171 | W8: =IF(RIGHT(C8,2)="12",IF(ISNUMBER(T8),T8,""),IF(COUNT(T8,U8,V8)=3,T8+U8-V8,"")) -> -302.305 | X8: -302.305 | Y8: 228.957 | Z8: -92.197 | AA8: -428.488 | AB8: -10.577 | AC8: 0 | AD8: 0 | AE8: 0 | AF8: 0 | AG8: =COUNTIF(Y8:AB8,">0") -> 1 | AH8: 0 | AI8: 228.957 | AJ8: =IF(ISNUMBER(X8),IF(X8>0,"+",IF(X8<0,"−","0")),IF(ISNUMBER(W8),IF(W8>0,"+",IF(W8<0,"−","0")),"yok")) -> − | AK8: =IF(AND(RIGHT(C8,2)<>"12",ISNUMBER(U8),ISNUMBER(V8)),U8-V8,"") -> -291.728 | AL8: =IF(AND(ISNUMBER(AK8),ISNUMBER(V8)),IF(V8<>0,AK8/ABS(V8),""),"") -> -1.1802679 | AM8: =IF(ISNUMBER(AK8),IF(AK8>1,1,0),"") -> 0 | AN8: =IF(ISNUMBER(AK8),IF(AK8>0.05*ABS(V8),1,0),"") -> 0 | AO8: -302.306 | AP8: 302.306 | AQ8: KESİN | AR8: 0 | AS8: 110.965 | AT8: -191.341 | AU8: KOŞULLU | AV8: 228.957 | AW8: =IF(AND(ISNUMBER(AV8),ISNUMBER(AT8)),IF(AT8<>0,AV8/ABS(AT8),""),"") -> 1.1965914 | AX8: 0 | AY8: 0 | BA8: 0
A9: AGROT | B9: MDV+MODV alımı | C9: 2026/03 | D9: 1 | E9: 1 | F9: =SUM(G9:M9) -> 2 | G9: 0 | H9: 0 | I9: 0 | J9: 0 | K9: 0 | L9: 1 | M9: 1 | N9: 0 | O9: 0 | P9: 1 | Q9: 0 | R9: 0 | S9: 0 | T9: -80.1 | U9: -3.251 | V9: -10.577 | W9: =IF(RIGHT(C9,2)="12",IF(ISNUMBER(T9),T9,""),IF(COUNT(T9,U9,V9)=3,T9+U9-V9,"")) -> -72.774 | X9: -72.774 | AA9: 174.473 | AB9: -80.1 | AC9: 0 | AD9: 0 | AE9: 0 | AF9: 0 | AG9: =COUNTIF(Y9:AB9,">0") -> 1 | AH9: 0 | AI9: 174.473 | AJ9: =IF(ISNUMBER(X9),IF(X9>0,"+",IF(X9<0,"−","0")),IF(ISNUMBER(W9),IF(W9>0,"+",IF(W9<0,"−","0")),"yok")) -> − | AK9: =IF(AND(RIGHT(C9,2)<>"12",ISNUMBER(U9),ISNUMBER(V9)),U9-V9,"") -> 7.326 | AL9: =IF(AND(ISNUMBER(AK9),ISNUMBER(V9)),IF(V9<>0,AK9/ABS(V9),""),"") -> 0.69263496 | AM9: =IF(ISNUMBER(AK9),IF(AK9>1,1,0),"") -> 1 | AN9: =IF(ISNUMBER(AK9),IF(AK9>0.05*ABS(V9),1,0),"") -> 1 | AQ9: NULL | AR9: 0 | AS9: -1232.45 | AU9: NULL | AV9: 7.326 | AW9: =IF(AND(ISNUMBER(AV9),ISNUMBER(AT9)),IF(AT9<>0,AV9/ABS(AT9),""),"") | AX9: 0 | AY9: 1 | BA9: 0
A10: AGROT | B10: MDV+MODV alımı | C10: 2026/06 | D10: 1 | E10: 1 | F10: =SUM(G10:M10) -> 1 | G10: 0 | H10: 0 | I10: 0 | J10: 0 | K10: 0 | L10: 0 | M10: 1 | N10: 0 | O10: 0 | P10: 1 | Q10: 0 | R10: 0 | S10: 0 | U10: -3.251 | W10: =IF(RIGHT(C10,2)="12",IF(ISNUMBER(T10),T10,""),IF(COUNT(T10,U10,V10)=3,T10+U10-V10,"")) | Z10: 174.473 | AA10: -80.1 | AC10: 0 | AD10: 0 | AE10: 0 | AF10: 0 | AG10: =COUNTIF(Y10:AB10,">0") -> 1 | AH10: 0 | AI10: 174.473 | AJ10: =IF(ISNUMBER(X10),IF(X10>0,"+",IF(X10<0,"−","0")),IF(ISNUMBER(W10),IF(W10>0,"+",IF(W10<0,"−","0")),"yok")) -> yok | AK10: =IF(AND(RIGHT(C10,2)<>"12",ISNUMBER(U10),ISNUMBER(V10)),U10-V10,"") | AL10: =IF(AND(ISNUMBER(AK10),ISNUMBER(V10)),IF(V10<>0,AK10/ABS(V10),""),"") | AM10: =IF(ISNUMBER(AK10),IF(AK10>1,1,0),"") | AN10: =IF(ISNUMBER(AK10),IF(AK10>0.05*ABS(V10),1,0),"") | AQ10: NULL | AR10: 0 | AS10: -1015.625 | AU10: NULL | AV10: 174.473 | AW10: =IF(AND(ISNUMBER(AV10),ISNUMBER(AT10)),IF(AT10<>0,AV10/ABS(AT10),""),"") | AX10: 0 | AY10: 0 | BA10: 0
A11: AHGAZ | B11: Kira anapara | C11: 2025/03 | D11: 1 | E11: 1 | F11: =SUM(G11:M11) -> 1 | G11: 0 | H11: 0 | I11: 0 | J11: 1 | K11: 0 | L11: 0 | M11: 0 | N11: 0 | O11: 1 | P11: 1 | Q11: 0 | R11: 1 | S11: 0 | T11: 4.939 | U11: -103.809 | V11: -42.319 | W11: =IF(RIGHT(C11,2)="12",IF(ISNUMBER(T11),T11,""),IF(COUNT(T11,U11,V11)=3,T11+U11-V11,"")) -> -56.551 | X11: -56.55 | Y11: -152.721 | Z11: 39.892 | AA11: 51.339 | AB11: 4.939 | AC11: 1 | AD11: 0 | AE11: 0 | AF11: 4.939 | AG11: =COUNTIF(Y11:AB11,">0") -> 3 | AH11: 0 | AI11: 91.231 | AJ11: =IF(ISNUMBER(X11),IF(X11>0,"+",IF(X11<0,"−","0")),IF(ISNUMBER(W11),IF(W11>0,"+",IF(W11<0,"−","0")),"yok")) -> − | AK11: =IF(AND(RIGHT(C11,2)<>"12",ISNUMBER(U11),ISNUMBER(V11)),U11-V11,"") -> -61.49 | AL11: =IF(AND(ISNUMBER(AK11),ISNUMBER(V11)),IF(V11<>0,AK11/ABS(V11),""),"") -> -1.4530116 | AM11: =IF(ISNUMBER(AK11),IF(AK11>1,1,0),"") -> 0 | AN11: =IF(ISNUMBER(AK11),IF(AK11>0.05*ABS(V11),1,0),"") -> 0 | AO11: -56.55 | AP11: 56.55 | AQ11: KESİN | AR11: 0 | AS11: 19096.509 | AT11: 3357.519 | AU11: KESİN | AV11: 4.939 | AW11: =IF(AND(ISNUMBER(AV11),ISNUMBER(AT11)),IF(AT11<>0,AV11/ABS(AT11),""),"") -> 0.0014710267 | AX11: 1 | AY11: 0 | AZ11: YTD 2025/03 (+4.9): finansman alt toplamı tutmuyor | BA11: 0
A12: AHGAZ | B12: Kira anapara | C12: 2025/06 | D12: 1 | E12: 1 | F12: =SUM(G12:M12) -> 1 | G12: 1 | H12: 0 | I12: 0 | J12: 0 | K12: 0 | L12: 0 | M12: 0 | N12: 1 | O12: 0 | P12: 1 | Q12: 1 | R12: 1 | S12: 0 | T12: -79.054 | U12: -103.809 | V12: -195.041 | W12: =IF(RIGHT(C12,2)="12",IF(ISNUMBER(T12),T12,""),IF(COUNT(T12,U12,V12)=3,T12+U12-V12,"")) -> 12.178 | X12: 12.177 | Y12: 39.892 | Z12: 51.339 | AA12: 4.939 | AB12: -83.993 | AC12: 0 | AD12: 0 | AE12: 0 | AF12: 0 | AG12: =COUNTIF(Y12:AB12,">0") -> 3 | AH12: 0 | AI12: 91.231 | AJ12: =IF(ISNUMBER(X12),IF(X12>0,"+",IF(X12<0,"−","0")),IF(ISNUMBER(W12),IF(W12>0,"+",IF(W12<0,"−","0")),"yok")) -> + | AK12: =IF(AND(RIGHT(C12,2)<>"12",ISNUMBER(U12),ISNUMBER(V12)),U12-V12,"") -> 91.232 | AL12: =IF(AND(ISNUMBER(AK12),ISNUMBER(V12)),IF(V12<>0,AK12/ABS(V12),""),"") -> 0.46775806 | AM12: =IF(ISNUMBER(AK12),IF(AK12>1,1,0),"") -> 1 | AN12: =IF(ISNUMBER(AK12),IF(AK12>0.05*ABS(V12),1,0),"") -> 1 | AO12: 12.178 | AP12: 0 | AQ12: KESİN | AR12: 1 | AS12: 20721.501 | AT12: 12083.102 | AU12: KESİN | AV12: 91.232 | AW12: =IF(AND(ISNUMBER(AV12),ISNUMBER(AT12)),IF(AT12<>0,AV12/ABS(AT12),""),"") -> 0.007550379 | AX12: 0 | AY12: 1 | BA12: 0
A13: AHGAZ | B13: Kira anapara | C13: 2025/09 | D13: 1 | E13: 1 | F13: =SUM(G13:M13) -> 1 | G13: 0 | H13: 1 | I13: 0 | J13: 0 | K13: 0 | L13: 0 | M13: 0 | N13: 0 | O13: 0 | P13: 1 | Q13: 1 | R13: 1 | S13: 0 | T13: -113.716 | U13: -103.809 | V13: -155.148 | W13: =IF(RIGHT(C13,2)="12",IF(ISNUMBER(T13),T13,""),IF(COUNT(T13,U13,V13)=3,T13+U13-V13,"")) -> -62.377 | X13: -62.376 | Y13: 51.339 | Z13: 4.939 | AA13: -83.993 | AB13: -34.662 | AC13: 0 | AD13: 0 | AE13: 0 | AF13: 0 | AG13: =COUNTIF(Y13:AB13,">0") -> 2 | AH13: 0 | AI13: 51.339 | AJ13: =IF(ISNUMBER(X13),IF(X13>0,"+",IF(X13<0,"−","0")),IF(ISNUMBER(W13),IF(W13>0,"+",IF(W13<0,"−","0")),"yok")) -> − | AK13: =IF(AND(RIGHT(C13,2)<>"12",ISNUMBER(U13),ISNUMBER(V13)),U13-V13,"") -> 51.339 | AL13: =IF(AND(ISNUMBER(AK13),ISNUMBER(V13)),IF(V13<>0,AK13/ABS(V13),""),"") -> 0.3309034 | AM13: =IF(ISNUMBER(AK13),IF(AK13>1,1,0),"") -> 1 | AN13: =IF(ISNUMBER(AK13),IF(AK13>0.05*ABS(V13),1,0),"") -> 1 | AO13: -62.376 | AP13: 62.376 | AQ13: KESİN | AR13: 0 | AS13: 22657.665 | AT13: 13649.192 | AU13: KESİN | AV13: 51.339 | AW13: =IF(AND(ISNUMBER(AV13),ISNUMBER(AT13)),IF(AT13<>0,AV13/ABS(AT13),""),"") -> 0.0037613215 | AX13: 0 | AY13: 1 | BA13: 0
A14: AHGAZ | B14: Kira anapara | C14: 2026/03 | D14: 1 | E14: 1 | F14: =SUM(G14:M14) -> 1 | G14: 0 | H14: 0 | I14: 0 | J14: 1 | K14: 0 | L14: 0 | M14: 0 | N14: 0 | O14: 1 | P14: 0 | Q14: 0 | R14: 0 | S14: 0 | T14: -22.242 | U14: -149.905 | V14: 4.939 | W14: =IF(RIGHT(C14,2)="12",IF(ISNUMBER(T14),T14,""),IF(COUNT(T14,U14,V14)=3,T14+U14-V14,"")) -> -177.086 | X14: -177.087 | Y14: -83.993 | Z14: -34.662 | AA14: -36.189 | AB14: -22.242 | AC14: 0 | AD14: 0 | AE14: 1 | AF14: 4.939 | AG14: =COUNTIF(Y14:AB14,">0") -> 0 | AH14: 0 | AI14: 0 | AJ14: =IF(ISNUMBER(X14),IF(X14>0,"+",IF(X14<0,"−","0")),IF(ISNUMBER(W14),IF(W14>0,"+",IF(W14<0,"−","0")),"yok")) -> − | AK14: =IF(AND(RIGHT(C14,2)<>"12",ISNUMBER(U14),ISNUMBER(V14)),U14-V14,"") -> -154.844 | AL14: =IF(AND(ISNUMBER(AK14),ISNUMBER(V14)),IF(V14<>0,AK14/ABS(V14),""),"") -> -31.351286 | AM14: =IF(ISNUMBER(AK14),IF(AK14>1,1,0),"") -> 0 | AN14: =IF(ISNUMBER(AK14),IF(AK14>0.05*ABS(V14),1,0),"") -> 0 | AO14: -177.088 | AP14: 177.088 | AQ14: KESİN | AR14: 0 | AS14: 29205.005 | AT14: 22606.221 | AU14: KESİN | AV14: 4.939 | AW14: =IF(AND(ISNUMBER(AV14),ISNUMBER(AT14)),IF(AT14<>0,AV14/ABS(AT14),""),"") -> 0.00021847968 | AX14: 1 | AY14: 0 | AZ14: YTD-1 2025/03 (+4.9): finansman alt toplamı tutmuyor | BA14: 0
A15: AKHAN | B15: MDV+MODV alımı | C15: 2026/03 | D15: 1 | E15: 1 | F15: =SUM(G15:M15) -> 2 | G15: 0 | H15: 0 | I15: 0 | J15: 0 | K15: 0 | L15: 1 | M15: 1 | N15: 1 | O15: 1 | P15: 1 | Q15: 0 | R15: 0 | S15: 0 | T15: 2284.505 | U15: 2152.23 | V15: -383.33 | W15: =IF(RIGHT(C15,2)="12",IF(ISNUMBER(T15),T15,""),IF(COUNT(T15,U15,V15)=3,T15+U15-V15,"")) -> 4820.065 | X15: 4820.066 | Y15: -115.51 | AB15: 2284.505 | AC15: 1 | AD15: 1 | AE15: 0 | AF15: 2284.505 | AG15: =COUNTIF(Y15:AB15,">0") -> 1 | AH15: 0 | AI15: 0 | AJ15: =IF(ISNUMBER(X15),IF(X15>0,"+",IF(X15<0,"−","0")),IF(ISNUMBER(W15),IF(W15>0,"+",IF(W15<0,"−","0")),"yok")) -> + | AK15: =IF(AND(RIGHT(C15,2)<>"12",ISNUMBER(U15),ISNUMBER(V15)),U15-V15,"") -> 2535.56 | AL15: =IF(AND(ISNUMBER(AK15),ISNUMBER(V15)),IF(V15<>0,AK15/ABS(V15),""),"") -> 6.6145619 | AM15: =IF(ISNUMBER(AK15),IF(AK15>1,1,0),"") -> 1 | AN15: =IF(ISNUMBER(AK15),IF(AK15>0.05*ABS(V15),1,0),"") -> 1 | AQ15: NULL | AR15: 0 | AS15: -2622.368 | AU15: NULL | AV15: 2284.505 | AW15: =IF(AND(ISNUMBER(AV15),ISNUMBER(AT15)),IF(AT15<>0,AV15/ABS(AT15),""),"") | AX15: 1 | AY15: 0 | AZ15: YTD 2026/03 (+2,284.5): pozitif değer bölüm toplamına pozitif giriyor | FY-1 2025/12 (+2,152.2): pozitif değer bölüm toplamına pozitif giriyor | BA15: 0
A16: AKHAN | B16: MDV+MODV alımı | C16: 2026/06 | D16: 1 | E16: 1 | F16: =SUM(G16:M16) -> 2 | G16: 0 | H16: 0 | I16: 0 | J16: 0 | K16: 0 | L16: 1 | M16: 1 | N16: 1 | O16: 1 | P16: 1 | Q16: 0 | R16: 0 | S16: 0 | T16: -743.756 | U16: 2152.23 | V16: -498.84 | W16: =IF(RIGHT(C16,2)="12",IF(ISNUMBER(T16),T16,""),IF(COUNT(T16,U16,V16)=3,T16+U16-V16,"")) -> 1907.314 | X16: 1907.314 | AA16: 2284.505 | AB16: -3028.262 | AC16: 0 | AD16: 1 | AE16: 0 | AF16: 2152.23 | AG16: =COUNTIF(Y16:AB16,">0") -> 1 | AH16: 0 | AI16: 0 | AJ16: =IF(ISNUMBER(X16),IF(X16>0,"+",IF(X16<0,"−","0")),IF(ISNUMBER(W16),IF(W16>0,"+",IF(W16<0,"−","0")),"yok")) -> + | AK16: =IF(AND(RIGHT(C16,2)<>"12",ISNUMBER(U16),ISNUMBER(V16)),U16-V16,"") -> 2651.07 | AL16: =IF(AND(ISNUMBER(AK16),ISNUMBER(V16)),IF(V16<>0,AK16/ABS(V16),""),"") -> 5.3144696 | AM16: =IF(ISNUMBER(AK16),IF(AK16>1,1,0),"") -> 1 | AN16: =IF(ISNUMBER(AK16),IF(AK16>0.05*ABS(V16),1,0),"") -> 1 | AQ16: NULL | AR16: 0 | AS16: -667.663 | AU16: NULL | AV16: 2152.23 | AW16: =IF(AND(ISNUMBER(AV16),ISNUMBER(AT16)),IF(AT16<>0,AV16/ABS(AT16),""),"") | AX16: 1 | AY16: 0 | AZ16: FY-1 2025/12 (+2,152.2): pozitif değer bölüm toplamına pozitif giriyor | BA16: 0
A17: AKSA | B17: Kira anapara | C17: 2026/06 | D17: 1 | E17: 1 | F17: =SUM(G17:M17) -> 1 | G17: 0 | H17: 1 | I17: 0 | J17: 0 | K17: 0 | L17: 0 | M17: 0 | N17: 0 | O17: 0 | P17: 1 | Q17: 1 | R17: 1 | S17: 0 | T17: -24.242 | U17: -16.978 | V17: -18.778 | W17: =IF(RIGHT(C17,2)="12",IF(ISNUMBER(T17),T17,""),IF(COUNT(T17,U17,V17)=3,T17+U17-V17,"")) -> -22.442 | X17: -22.442 | Y17: -1.707 | Z17: 3.506 | AA17: -19.727 | AB17: -4.514 | AC17: 0 | AD17: 0 | AE17: 0 | AF17: 0 | AG17: =COUNTIF(Y17:AB17,">0") -> 1 | AH17: 0 | AI17: 3.506 | AJ17: =IF(ISNUMBER(X17),IF(X17>0,"+",IF(X17<0,"−","0")),IF(ISNUMBER(W17),IF(W17>0,"+",IF(W17<0,"−","0")),"yok")) -> − | AK17: =IF(AND(RIGHT(C17,2)<>"12",ISNUMBER(U17),ISNUMBER(V17)),U17-V17,"") -> 1.8 | AL17: =IF(AND(ISNUMBER(AK17),ISNUMBER(V17)),IF(V17<>0,AK17/ABS(V17),""),"") -> 0.095856854 | AM17: =IF(ISNUMBER(AK17),IF(AK17>1,1,0),"") -> 1 | AN17: =IF(ISNUMBER(AK17),IF(AK17>0.05*ABS(V17),1,0),"") -> 1 | AO17: -22.443 | AP17: 22.443 | AQ17: KESİN | AR17: 0 | AS17: 5532.112 | AT17: 2764.66 | AU17: KESİN | AV17: 1.8 | AW17: =IF(AND(ISNUMBER(AV17),ISNUMBER(AT17)),IF(AT17<>0,AV17/ABS(AT17),""),"") -> 0.00065107463 | AX17: 0 | AY17: 1 | BA17: 0
A18: AKSEN | B18: Kira anapara | C18: 2025/09 | D18: 1 | E18: 1 | F18: =SUM(G18:M18) -> 1 | G18: 0 | H18: 1 | I18: 0 | J18: 0 | K18: 0 | L18: 0 | M18: 0 | N18: 0 | O18: 0 | P18: 1 | Q18: 1 | R18: 1 | S18: 0 | T18: -189.498 | U18: -387.966 | V18: -433.863 | W18: =IF(RIGHT(C18,2)="12",IF(ISNUMBER(T18),T18,""),IF(COUNT(T18,U18,V18)=3,T18+U18-V18,"")) -> -143.601 | X18: -143.601 | Y18: 45.897 | Z18: -66.279 | AA18: -112.398 | AB18: -10.819 | AC18: 0 | AD18: 0 | AE18: 0 | AF18: 0 | AG18: =COUNTIF(Y18:AB18,">0") -> 1 | AH18: 0 | AI18: 45.897 | AJ18: =IF(ISNUMBER(X18),IF(X18>0,"+",IF(X18<0,"−","0")),IF(ISNUMBER(W18),IF(W18>0,"+",IF(W18<0,"−","0")),"yok")) -> − | AK18: =IF(AND(RIGHT(C18,2)<>"12",ISNUMBER(U18),ISNUMBER(V18)),U18-V18,"") -> 45.897 | AL18: =IF(AND(ISNUMBER(AK18),ISNUMBER(V18)),IF(V18<>0,AK18/ABS(V18),""),"") -> 0.10578685 | AM18: =IF(ISNUMBER(AK18),IF(AK18>1,1,0),"") -> 1 | AN18: =IF(ISNUMBER(AK18),IF(AK18>0.05*ABS(V18),1,0),"") -> 1 | AO18: -143.6 | AP18: 143.6 | AQ18: KESİN | AR18: 0 | AS18: 5974.373 | AT18: -17176.05 | AU18: KESİN | AV18: 45.897 | AW18: =IF(AND(ISNUMBER(AV18),ISNUMBER(AT18)),IF(AT18<>0,AV18/ABS(AT18),""),"") -> 0.002672151 | AX18: 0 | AY18: 1 | BA18: 0
A19: AKSUE | B19: MDV+MODV alımı | C19: 2025/03 | D19: 1 | E19: 1 | F19: =SUM(G19:M19) -> 1 | G19: 0 | H19: 0 | I19: 0 | J19: 0 | K19: 0 | L19: 0 | M19: 1 | N19: 0 | O19: 0 | P19: 1 | Q19: 0 | R19: 0 | S19: 0 | U19: -17.504 | V19: -8.339 | W19: =IF(RIGHT(C19,2)="12",IF(ISNUMBER(T19),T19,""),IF(COUNT(T19,U19,V19)=3,T19+U19-V19,"")) | Y19: 6.122 | Z19: -15.274 | AA19: -0.013 | AC19: 0 | AD19: 0 | AE19: 0 | AF19: 0 | AG19: =COUNTIF(Y19:AB19,">0") -> 1 | AH19: 0 | AI19: 6.122 | AJ19: =IF(ISNUMBER(X19),IF(X19>0,"+",IF(X19<0,"−","0")),IF(ISNUMBER(W19),IF(W19>0,"+",IF(W19<0,"−","0")),"yok")) -> yok | AK19: =IF(AND(RIGHT(C19,2)<>"12",ISNUMBER(U19),ISNUMBER(V19)),U19-V19,"") -> -9.165 | AL19: =IF(AND(ISNUMBER(AK19),ISNUMBER(V19)),IF(V19<>0,AK19/ABS(V19),""),"") -> -1.0990526 | AM19: =IF(ISNUMBER(AK19),IF(AK19>1,1,0),"") -> 0 | AN19: =IF(ISNUMBER(AK19),IF(AK19>0.05*ABS(V19),1,0),"") -> 0 | AO19: -9.164 | AP19: 9.164 | AQ19: TÜRETİLMİŞ | AR19: 0 | AS19: 10.467 | AT19: -67.743 | AU19: TÜRETİLMİŞ | AV19: 6.122 | AW19: =IF(AND(ISNUMBER(AV19),ISNUMBER(AT19)),IF(AT19<>0,AV19/ABS(AT19),""),"") -> 0.090370961 | AX19: 0 | AY19: 0 | BA19: 0
A20: ALCAR | B20: Kira anapara | C20: 2025/06 | D20: 1 | E20: 1 | F20: =SUM(G20:M20) -> 1 | G20: 0 | H20: 1 | I20: 0 | J20: 0 | K20: 0 | L20: 0 | M20: 0 | N20: 0 | O20: 0 | P20: 1 | Q20: 1 | R20: 1 | S20: 0 | T20: -34.746 | U20: -61.437 | V20: -65.364 | W20: =IF(RIGHT(C20,2)="12",IF(ISNUMBER(T20),T20,""),IF(COUNT(T20,U20,V20)=3,T20+U20-V20,"")) -> -30.819 | X20: -30.819 | Y20: 56.019 | Z20: -52.093 | AA20: -18.252 | AB20: -16.494 | AC20: 0 | AD20: 0 | AE20: 0 | AF20: 0 | AG20: =COUNTIF(Y20:AB20,">0") -> 1 | AH20: 0 | AI20: 56.019 | AJ20: =IF(ISNUMBER(X20),IF(X20>0,"+",IF(X20<0,"−","0")),IF(ISNUMBER(W20),IF(W20>0,"+",IF(W20<0,"−","0")),"yok")) -> − | AK20: =IF(AND(RIGHT(C20,2)<>"12",ISNUMBER(U20),ISNUMBER(V20)),U20-V20,"") -> 3.927 | AL20: =IF(AND(ISNUMBER(AK20),ISNUMBER(V20)),IF(V20<>0,AK20/ABS(V20),""),"") -> 0.060078943 | AM20: =IF(ISNUMBER(AK20),IF(AK20>1,1,0),"") -> 1 | AN20: =IF(ISNUMBER(AK20),IF(AK20>0.05*ABS(V20),1,0),"") -> 1 | AO20: -30.821 | AP20: 30.821 | AQ20: KESİN | AR20: 0 | AS20: 378.798 | AT20: 347.977 | AU20: KOŞULLU | AV20: 3.927 | AW20: =IF(AND(ISNUMBER(AV20),ISNUMBER(AT20)),IF(AT20<>0,AV20/ABS(AT20),""),"") -> 0.011285229 | AX20: 0 | AY20: 1 | BA20: 0
A21: ALCAR | B21: MDV+MODV alımı | C21: 2025/06 | D21: 1 | E21: 1 | F21: =SUM(G21:M21) -> 1 | G21: 0 | H21: 0 | I21: 1 | J21: 0 | K21: 0 | L21: 0 | M21: 0 | N21: 1 | O21: 1 | P21: 1 | Q21: 0 | R21: 0 | S21: 1 | T21: 1357.15 | U21: -228.62 | V21: -130.275 | W21: =IF(RIGHT(C21,2)="12",IF(ISNUMBER(T21),T21,""),IF(COUNT(T21,U21,V21)=3,T21+U21-V21,"")) -> 1258.805 | X21: 1258.804 | Y21: -90.728 | Z21: -7.617 | AA21: -15.316 | AB21: 1372.467 | AC21: 1 | AD21: 0 | AE21: 0 | AF21: 1357.15 | AG21: =COUNTIF(Y21:AB21,">0") -> 1 | AH21: 1372.467 | AI21: 0 | AJ21: =IF(ISNUMBER(X21),IF(X21>0,"+",IF(X21<0,"−","0")),IF(ISNUMBER(W21),IF(W21>0,"+",IF(W21<0,"−","0")),"yok")) -> + | AK21: =IF(AND(RIGHT(C21,2)<>"12",ISNUMBER(U21),ISNUMBER(V21)),U21-V21,"") -> -98.345 | AL21: =IF(AND(ISNUMBER(AK21),ISNUMBER(V21)),IF(V21<>0,AK21/ABS(V21),""),"") -> -0.75490309 | AM21: =IF(ISNUMBER(AK21),IF(AK21>1,1,0),"") -> 0 | AN21: =IF(ISNUMBER(AK21),IF(AK21>0.05*ABS(V21),1,0),"") -> 0 | AO21: 1258.805 | AP21: 0 | AQ21: KESİN | AR21: 1 | AS21: 378.798 | AT21: 347.977 | AU21: KOŞULLU | AV21: 1357.15 | AW21: =IF(AND(ISNUMBER(AV21),ISNUMBER(AT21)),IF(AT21<>0,AV21/ABS(AT21),""),"") -> 3.9001141 | AX21: 1 | AY21: 0 | AZ21: YTD 2025/06 (+1,357.2): kalem = yatırım bölüm toplamı | BA21: 1
A22: ALCAR | B22: MDV+MODV alımı | C22: 2026/03 | D22: 1 | E22: 1 | F22: =SUM(G22:M22) -> 1 | G22: 0 | H22: 0 | I22: 0 | J22: 0 | K22: 0 | L22: 0 | M22: 1 | N22: 0 | O22: 0 | P22: 1 | Q22: 0 | R22: 0 | S22: 0 | T22: -16.63 | U22: -55.705 | V22: -15.316 | W22: =IF(RIGHT(C22,2)="12",IF(ISNUMBER(T22),T22,""),IF(COUNT(T22,U22,V22)=3,T22+U22-V22,"")) -> -57.019 | X22: -57.019 | Y22: 1372.467 | Z22: -1390.529 | AA22: -22.327 | AB22: -16.63 | AC22: 0 | AD22: 0 | AE22: 0 | AF22: 0 | AG22: =COUNTIF(Y22:AB22,">0") -> 1 | AH22: 0 | AI22: 1372.467 | AJ22: =IF(ISNUMBER(X22),IF(X22>0,"+",IF(X22<0,"−","0")),IF(ISNUMBER(W22),IF(W22>0,"+",IF(W22<0,"−","0")),"yok")) -> − | AK22: =IF(AND(RIGHT(C22,2)<>"12",ISNUMBER(U22),ISNUMBER(V22)),U22-V22,"") -> -40.389 | AL22: =IF(AND(ISNUMBER(AK22),ISNUMBER(V22)),IF(V22<>0,AK22/ABS(V22),""),"") -> -2.6370462 | AM22: =IF(ISNUMBER(AK22),IF(AK22>1,1,0),"") -> 0 | AN22: =IF(ISNUMBER(AK22),IF(AK22>0.05*ABS(V22),1,0),"") -> 0 | AO22: -57.019 | AP22: 57.019 | AQ22: KESİN | AR22: 0 | AS22: -1098.554 | AT22: -1249.879 | AU22: KESİN | AV22: 1372.467 | AW22: =IF(AND(ISNUMBER(AV22),ISNUMBER(AT22)),IF(AT22<>0,AV22/ABS(AT22),""),"") -> 1.0980799 | AX22: 0 | AY22: 0 | BA22: 0
A23: ALCAR | B23: MDV+MODV alımı | C23: 2026/06 | D23: 1 | E23: 1 | F23: =SUM(G23:M23) -> 1 | G23: 0 | H23: 0 | I23: 0 | J23: 0 | K23: 1 | L23: 0 | M23: 0 | N23: 0 | O23: 1 | P23: 0 | Q23: 0 | R23: 0 | S23: 0 | T23: -26.185 | U23: -55.705 | V23: 1357.15 | W23: =IF(RIGHT(C23,2)="12",IF(ISNUMBER(T23),T23,""),IF(COUNT(T23,U23,V23)=3,T23+U23-V23,"")) -> -1439.04 | X23: -1439.041 | Y23: -1390.529 | Z23: -22.327 | AA23: -16.63 | AB23: -9.555 | AC23: 0 | AD23: 0 | AE23: 1 | AF23: 1357.15 | AG23: =COUNTIF(Y23:AB23,">0") -> 0 | AH23: 0 | AI23: 0 | AJ23: =IF(ISNUMBER(X23),IF(X23>0,"+",IF(X23<0,"−","0")),IF(ISNUMBER(W23),IF(W23>0,"+",IF(W23<0,"−","0")),"yok")) -> − | AK23: =IF(AND(RIGHT(C23,2)<>"12",ISNUMBER(U23),ISNUMBER(V23)),U23-V23,"") -> -1412.855 | AL23: =IF(AND(ISNUMBER(AK23),ISNUMBER(V23)),IF(V23<>0,AK23/ABS(V23),""),"") -> -1.0410456 | AM23: =IF(ISNUMBER(AK23),IF(AK23>1,1,0),"") -> 0 | AN23: =IF(ISNUMBER(AK23),IF(AK23>0.05*ABS(V23),1,0),"") -> 0 | AO23: -1439.042 | AP23: 1439.042 | AQ23: KESİN | AR23: 0 | AS23: 860.541 | AT23: -683.012 | AU23: KESİN | AV23: 1357.15 | AW23: =IF(AND(ISNUMBER(AV23),ISNUMBER(AT23)),IF(AT23<>0,AV23/ABS(AT23),""),"") -> 1.9870075 | AX23: 1 | AY23: 0 | AZ23: YTD-1 2025/06 (+1,357.2): kalem = yatırım bölüm toplamı | BA23: 1
A24: ALFAS | B24: Kira anapara | C24: 2025/03 | D24: 1 | E24: 1 | F24: =SUM(G24:M24) -> 1 | G24: 0 | H24: 0 | I24: 0 | J24: 1 | K24: 0 | L24: 0 | M24: 0 | N24: 0 | O24: 1 | P24: 1 | Q24: 0 | R24: 0 | S24: 0 | T24: 1.216 | U24: -1.493 | V24: 0 | W24: =IF(RIGHT(C24,2)="12",IF(ISNUMBER(T24),T24,""),IF(COUNT(T24,U24,V24)=3,T24+U24-V24,"")) -> -0.277 | X24: -0.277 | Y24: 0 | Z24: 0 | AA24: -1.493 | AB24: 1.216 | AC24: 1 | AD24: 0 | AE24: 0 | AF24: 1.216 | AG24: =COUNTIF(Y24:AB24,">0") -> 1 | AH24: 0 | AI24: 0 | AJ24: =IF(ISNUMBER(X24),IF(X24>0,"+",IF(X24<0,"−","0")),IF(ISNUMBER(W24),IF(W24>0,"+",IF(W24<0,"−","0")),"yok")) -> − | AK24: =IF(AND(RIGHT(C24,2)<>"12",ISNUMBER(U24),ISNUMBER(V24)),U24-V24,"") -> -1.493 | AL24: =IF(AND(ISNUMBER(AK24),ISNUMBER(V24)),IF(V24<>0,AK24/ABS(V24),""),"") | AM24: =IF(ISNUMBER(AK24),IF(AK24>1,1,0),"") -> 0 | AN24: =IF(ISNUMBER(AK24),IF(AK24>0.05*ABS(V24),1,0),"") -> 0 | AO24: -0.277 | AP24: 0.277 | AQ24: KESİN | AR24: 0 | AS24: 2390.226 | AT24: 1133.119 | AU24: KESİN | AV24: 1.216 | AW24: =IF(AND(ISNUMBER(AV24),ISNUMBER(AT24)),IF(AT24<>0,AV24/ABS(AT24),""),"") -> 0.0010731441 | AX24: 1 | AY24: 0 | AZ24: YTD 2025/03 (+1.2): pozitif değer bölüm toplamına pozitif giriyor | BA24: 0
A25: ALFAS | B25: Kira anapara | C25: 2026/03 | D25: 1 | E25: 1 | F25: =SUM(G25:M25) -> 1 | G25: 0 | H25: 0 | I25: 0 | J25: 1 | K25: 0 | L25: 0 | M25: 0 | N25: 0 | O25: 1 | P25: 1 | Q25: 0 | R25: 0 | S25: 0 | T25: -51.928 | U25: -0.587 | V25: 1.216 | W25: =IF(RIGHT(C25,2)="12",IF(ISNUMBER(T25),T25,""),IF(COUNT(T25,U25,V25)=3,T25+U25-V25,"")) -> -53.731 | X25: -53.732 | Y25: -2.389 | Z25: 0.27 | AA25: 0.315 | AB25: -51.928 | AC25: 0 | AD25: 0 | AE25: 1 | AF25: 1.216 | AG25: =COUNTIF(Y25:AB25,">0") -> 2 | AH25: 0 | AI25: 0.585 | AJ25: =IF(ISNUMBER(X25),IF(X25>0,"+",IF(X25<0,"−","0")),IF(ISNUMBER(W25),IF(W25>0,"+",IF(W25<0,"−","0")),"yok")) -> − | AK25: =IF(AND(RIGHT(C25,2)<>"12",ISNUMBER(U25),ISNUMBER(V25)),U25-V25,"") -> -1.803 | AL25: =IF(AND(ISNUMBER(AK25),ISNUMBER(V25)),IF(V25<>0,AK25/ABS(V25),""),"") -> -1.4827303 | AM25: =IF(ISNUMBER(AK25),IF(AK25>1,1,0),"") -> 0 | AN25: =IF(ISNUMBER(AK25),IF(AK25>0.05*ABS(V25),1,0),"") -> 0 | AO25: -53.734 | AP25: 53.734 | AQ25: KESİN | AR25: 0 | AS25: 1104.957 | AU25: NULL | AV25: 1.216 | AW25: =IF(AND(ISNUMBER(AV25),ISNUMBER(AT25)),IF(AT25<>0,AV25/ABS(AT25),""),"") | AX25: 1 | AY25: 0 | AZ25: YTD-1 2025/03 (+1.2): pozitif değer bölüm toplamına pozitif giriyor | BA25: 0
A26: ARASE | B26: Kira anapara | C26: 2025/09 | D26: 1 | E26: 1 | F26: =SUM(G26:M26) -> 1 | G26: 1 | H26: 0 | I26: 0 | J26: 0 | K26: 0 | L26: 0 | M26: 0 | N26: 1 | O26: 0 | P26: 1 | Q26: 1 | R26: 1 | S26: 0 | T26: -111.307 | U26: -95.34 | V26: -280.908 | W26: =IF(RIGHT(C26,2)="12",IF(ISNUMBER(T26),T26,""),IF(COUNT(T26,U26,V26)=3,T26+U26-V26,"")) -> 74.261 | X26: 74.261 | Y26: 185.568 | Z26: -33.028 | AA26: -36.916 | AB26: -41.361 | AC26: 0 | AD26: 0 | AE26: 0 | AF26: 0 | AG26: =COUNTIF(Y26:AB26,">0") -> 1 | AH26: 0 | AI26: 185.568 | AJ26: =IF(ISNUMBER(X26),IF(X26>0,"+",IF(X26<0,"−","0")),IF(ISNUMBER(W26),IF(W26>0,"+",IF(W26<0,"−","0")),"yok")) -> + | AK26: =IF(AND(RIGHT(C26,2)<>"12",ISNUMBER(U26),ISNUMBER(V26)),U26-V26,"") -> 185.568 | AL26: =IF(AND(ISNUMBER(AK26),ISNUMBER(V26)),IF(V26<>0,AK26/ABS(V26),""),"") -> 0.66060062 | AM26: =IF(ISNUMBER(AK26),IF(AK26>1,1,0),"") -> 1 | AN26: =IF(ISNUMBER(AK26),IF(AK26>0.05*ABS(V26),1,0),"") -> 1 | AO26: 74.261 | AP26: 0 | AQ26: KESİN | AR26: 1 | AS26: 6926.653 | AT26: 6903.972 | AU26: KOŞULLU | AV26: 185.568 | AW26: =IF(AND(ISNUMBER(AV26),ISNUMBER(AT26)),IF(AT26<>0,AV26/ABS(AT26),""),"") -> 0.02687844 | AX26: 0 | AY26: 1 | BA26: 0
A27: ARENA | B27: Kira anapara | C27: 2026/03 | D27: 1 | E27: 1 | F27: =SUM(G27:M27) -> 1 | G27: 0 | H27: 0 | I27: 0 | J27: 1 | K27: 0 | L27: 0 | M27: 0 | N27: 0 | O27: 1 | P27: 1 | Q27: 0 | R27: 0 | S27: 0 | T27: 23.396 | U27: -145.167 | V27: -33.641 | W27: =IF(RIGHT(C27,2)="12",IF(ISNUMBER(T27),T27,""),IF(COUNT(T27,U27,V27)=3,T27+U27-V27,"")) -> -88.13 | X27: -88.129 | Y27: -21.368 | Z27: -20.898 | AA27: -69.258 | AB27: 23.396 | AC27: 1 | AD27: 0 | AE27: 0 | AF27: 23.396 | AG27: =COUNTIF(Y27:AB27,">0") -> 1 | AH27: 0 | AI27: 0 | AJ27: =IF(ISNUMBER(X27),IF(X27>0,"+",IF(X27<0,"−","0")),IF(ISNUMBER(W27),IF(W27>0,"+",IF(W27<0,"−","0")),"yok")) -> − | AK27: =IF(AND(RIGHT(C27,2)<>"12",ISNUMBER(U27),ISNUMBER(V27)),U27-V27,"") -> -111.526 | AL27: =IF(AND(ISNUMBER(AK27),ISNUMBER(V27)),IF(V27<>0,AK27/ABS(V27),""),"") -> -3.3151809 | AM27: =IF(ISNUMBER(AK27),IF(AK27>1,1,0),"") -> 0 | AN27: =IF(ISNUMBER(AK27),IF(AK27>0.05*ABS(V27),1,0),"") -> 0 | AO27: -145.167 | AP27: 145.167 | AQ27: TÜRETİLMİŞ | AR27: 0 | AS27: 1640.346 | AT27: 1354.124 | AU27: TÜRETİLMİŞ | AV27: 23.396 | AW27: =IF(AND(ISNUMBER(AV27),ISNUMBER(AT27)),IF(AT27<>0,AV27/ABS(AT27),""),"") -> 0.017277591 | AX27: 1 | AY27: 0 | AZ27: YTD 2026/03 (+23.4): pozitif değer bölüm toplamına pozitif giriyor | BA27: 0
A28: ARENA | B28: MDV+MODV alımı | C28: 2025/03 | D28: 1 | E28: 1 | F28: =SUM(G28:M28) -> 2 | G28: 0 | H28: 0 | I28: 0 | J28: 0 | K28: 1 | L28: 0 | M28: 1 | N28: 0 | O28: 1 | P28: 1 | Q28: 0 | R28: 0 | S28: 0 | T28: -25.899 | U28: -64.478 | V28: 13.459 | W28: =IF(RIGHT(C28,2)="12",IF(ISNUMBER(T28),T28,""),IF(COUNT(T28,U28,V28)=3,T28+U28-V28,"")) -> -103.836 | X28: -103.837 | Y28: -58.298 | Z28: 51.91 | AA28: -71.549 | AB28: -25.899 | AC28: 0 | AD28: 0 | AE28: 1 | AF28: 13.459 | AG28: =COUNTIF(Y28:AB28,">0") -> 1 | AH28: 0 | AI28: 51.91 | AJ28: =IF(ISNUMBER(X28),IF(X28>0,"+",IF(X28<0,"−","0")),IF(ISNUMBER(W28),IF(W28>0,"+",IF(W28<0,"−","0")),"yok")) -> − | AK28: =IF(AND(RIGHT(C28,2)<>"12",ISNUMBER(U28),ISNUMBER(V28)),U28-V28,"") -> -77.937 | AL28: =IF(AND(ISNUMBER(AK28),ISNUMBER(V28)),IF(V28<>0,AK28/ABS(V28),""),"") -> -5.7906977 | AM28: =IF(ISNUMBER(AK28),IF(AK28>1,1,0),"") -> 0 | AN28: =IF(ISNUMBER(AK28),IF(AK28>0.05*ABS(V28),1,0),"") -> 0 | AO28: -64.479 | AP28: 64.479 | AQ28: TÜRETİLMİŞ | AR28: 0 | AS28: -2247.278 | AT28: -2416.314 | AU28: TÜRETİLMİŞ | AV28: 13.459 | AW28: =IF(AND(ISNUMBER(AV28),ISNUMBER(AT28)),IF(AT28<>0,AV28/ABS(AT28),""),"") -> 0.0055700542 | AX28: 1 | AY28: 0 | AZ28: YTD-1 2024/03 (+13.5): pozitif değer bölüm toplamına pozitif giriyor | BA28: 0
A29: ARENA | B29: MDV+MODV alımı | C29: 2025/06 | D29: 1 | E29: 1 | F29: =SUM(G29:M29) -> 1 | G29: 0 | H29: 0 | I29: 0 | J29: 0 | K29: 0 | L29: 0 | M29: 1 | N29: 0 | O29: 0 | P29: 1 | Q29: 0 | R29: 0 | S29: 0 | T29: -45.326 | U29: -64.478 | V29: -44.839 | W29: =IF(RIGHT(C29,2)="12",IF(ISNUMBER(T29),T29,""),IF(COUNT(T29,U29,V29)=3,T29+U29-V29,"")) -> -64.965 | X29: -64.965 | Y29: 51.91 | Z29: -71.549 | AA29: -25.899 | AB29: -19.426 | AC29: 0 | AD29: 0 | AE29: 0 | AF29: 0 | AG29: =COUNTIF(Y29:AB29,">0") -> 1 | AH29: 0 | AI29: 51.91 | AJ29: =IF(ISNUMBER(X29),IF(X29>0,"+",IF(X29<0,"−","0")),IF(ISNUMBER(W29),IF(W29>0,"+",IF(W29<0,"−","0")),"yok")) -> − | AK29: =IF(AND(RIGHT(C29,2)<>"12",ISNUMBER(U29),ISNUMBER(V29)),U29-V29,"") -> -19.639 | AL29: =IF(AND(ISNUMBER(AK29),ISNUMBER(V29)),IF(V29<>0,AK29/ABS(V29),""),"") -> -0.43798925 | AM29: =IF(ISNUMBER(AK29),IF(AK29>1,1,0),"") -> 0 | AN29: =IF(ISNUMBER(AK29),IF(AK29>0.05*ABS(V29),1,0),"") -> 0 | AO29: -103.837 | AP29: 103.837 | AQ29: TÜRETİLMİŞ | AR29: 0 | AS29: -2422.205 | AT29: -2651.842 | AU29: TÜRETİLMİŞ | AV29: 51.91 | AW29: =IF(AND(ISNUMBER(AV29),ISNUMBER(AT29)),IF(AT29<>0,AV29/ABS(AT29),""),"") -> 0.019575073 | AX29: 0 | AY29: 0 | BA29: 0
A30: ARENA | B30: MDV+MODV alımı | C30: 2025/09 | D30: 1 | E30: 1 | F30: =SUM(G30:M30) -> 1 | G30: 0 | H30: 0 | I30: 0 | J30: 0 | K30: 1 | L30: 0 | M30: 0 | N30: 0 | O30: 1 | P30: 0 | Q30: 0 | R30: 0 | S30: 0 | T30: -95.94 | U30: -64.478 | V30: 7.07 | W30: =IF(RIGHT(C30,2)="12",IF(ISNUMBER(T30),T30,""),IF(COUNT(T30,U30,V30)=3,T30+U30-V30,"")) -> -167.488 | X30: -167.49 | Y30: -71.549 | Z30: -25.899 | AA30: -19.426 | AB30: -50.614 | AC30: 0 | AD30: 0 | AE30: 1 | AF30: 7.07 | AG30: =COUNTIF(Y30:AB30,">0") -> 0 | AH30: 0 | AI30: 0 | AJ30: =IF(ISNUMBER(X30),IF(X30>0,"+",IF(X30<0,"−","0")),IF(ISNUMBER(W30),IF(W30>0,"+",IF(W30<0,"−","0")),"yok")) -> − | AK30: =IF(AND(RIGHT(C30,2)<>"12",ISNUMBER(U30),ISNUMBER(V30)),U30-V30,"") -> -71.548 | AL30: =IF(AND(ISNUMBER(AK30),ISNUMBER(V30)),IF(V30<>0,AK30/ABS(V30),""),"") -> -10.119943 | AM30: =IF(ISNUMBER(AK30),IF(AK30>1,1,0),"") -> 0 | AN30: =IF(ISNUMBER(AK30),IF(AK30>0.05*ABS(V30),1,0),"") -> 0 | AO30: -64.965 | AP30: 64.965 | AQ30: TÜRETİLMİŞ | AR30: 0 | AS30: -1846.846 | AT30: -2044.686 | AU30: TÜRETİLMİŞ | AV30: 7.07 | AW30: =IF(AND(ISNUMBER(AV30),ISNUMBER(AT30)),IF(AT30<>0,AV30/ABS(AT30),""),"") -> 0.0034577436 | AX30: 1 | AY30: 0 | AZ30: YTD-1 2024/09 (+7.1): pozitif değer bölüm toplamına pozitif giriyor | BA30: 0
A31: ARFYE | B31: MDV+MODV alımı | C31: 2025/09 | D31: 1 | E31: 1 | F31: =SUM(G31:M31) -> 1 | G31: 0 | H31: 0 | I31: 0 | J31: 0 | K31: 1 | L31: 0 | M31: 0 | N31: 0 | O31: 1 | P31: 0 | Q31: 0 | R31: 0 | S31: 0 | T31: -5.316 | U31: -8.67 | V31: 5.366 | W31: =IF(RIGHT(C31,2)="12",IF(ISNUMBER(T31),T31,""),IF(COUNT(T31,U31,V31)=3,T31+U31-V31,"")) -> -19.352 | X31: -19.353 | Y31: -14.037 | Z31: -2.11 | AA31: -0.591 | AC31: 0 | AD31: 0 | AE31: 1 | AF31: 5.366 | AG31: =COUNTIF(Y31:AB31,">0") -> 0 | AH31: 0 | AI31: 0 | AJ31: =IF(ISNUMBER(X31),IF(X31>0,"+",IF(X31<0,"−","0")),IF(ISNUMBER(W31),IF(W31>0,"+",IF(W31<0,"−","0")),"yok")) -> − | AK31: =IF(AND(RIGHT(C31,2)<>"12",ISNUMBER(U31),ISNUMBER(V31)),U31-V31,"") -> -14.036 | AL31: =IF(AND(ISNUMBER(AK31),ISNUMBER(V31)),IF(V31<>0,AK31/ABS(V31),""),"") -> -2.6157287 | AM31: =IF(ISNUMBER(AK31),IF(AK31>1,1,0),"") -> 0 | AN31: =IF(ISNUMBER(AK31),IF(AK31>0.05*ABS(V31),1,0),"") -> 0 | AQ31: NULL | AR31: 0 | AU31: NULL | AV31: 5.366 | AW31: =IF(AND(ISNUMBER(AV31),ISNUMBER(AT31)),IF(AT31<>0,AV31/ABS(AT31),""),"") | AX31: 1 | AY31: 0 | AZ31: YTD-1 2024/09 (+5.4): yatırım alt toplamı tutmuyor; kalem = yatırım bölüm toplamı | BA31: 0
A32: ARSAN | B32: MDV+MODV alımı | C32: 2025/03 | D32: 1 | E32: 1 | F32: =SUM(G32:M32) -> 2 | G32: 0 | H32: 0 | I32: 0 | J32: 0 | K32: 0 | L32: 1 | M32: 1 | N32: 1 | O32: 0 | P32: 1 | Q32: 0 | R32: 0 | S32: 0 | T32: -53.814 | U32: -31.764 | V32: -140.411 | W32: =IF(RIGHT(C32,2)="12",IF(ISNUMBER(T32),T32,""),IF(COUNT(T32,U32,V32)=3,T32+U32-V32,"")) -> 54.833 | X32: 54.832 | Y32: 87.261 | Z32: -8.852 | AA32: 30.237 | AB32: -53.814 | AC32: 0 | AD32: 0 | AE32: 0 | AF32: 0 | AG32: =COUNTIF(Y32:AB32,">0") -> 2 | AH32: 0 | AI32: 117.498 | AJ32: =IF(ISNUMBER(X32),IF(X32>0,"+",IF(X32<0,"−","0")),IF(ISNUMBER(W32),IF(W32>0,"+",IF(W32<0,"−","0")),"yok")) -> + | AK32: =IF(AND(RIGHT(C32,2)<>"12",ISNUMBER(U32),ISNUMBER(V32)),U32-V32,"") -> 108.647 | AL32: =IF(AND(ISNUMBER(AK32),ISNUMBER(V32)),IF(V32<>0,AK32/ABS(V32),""),"") -> 0.77377841 | AM32: =IF(ISNUMBER(AK32),IF(AK32>1,1,0),"") -> 1 | AN32: =IF(ISNUMBER(AK32),IF(AK32>0.05*ABS(V32),1,0),"") -> 1 | AO32: 54.832 | AP32: 54.832 | AQ32: KESİN | AR32: 0 | AS32: 891.031 | AU32: NULL | AV32: 108.647 | AW32: =IF(AND(ISNUMBER(AV32),ISNUMBER(AT32)),IF(AT32<>0,AV32/ABS(AT32),""),"") | AX32: 0 | AY32: 1 | BA32: 0
A33: ARSAN | B33: MDV+MODV alımı | C33: 2025/06 | D33: 1 | E33: 1 | F33: =SUM(G33:M33) -> 2 | G33: 0 | H33: 0 | I33: 0 | J33: 0 | K33: 0 | L33: 1 | M33: 1 | N33: 0 | O33: 0 | P33: 1 | Q33: 0 | R33: 0 | S33: 0 | T33: -85.366 | U33: -31.764 | V33: -53.149 | W33: =IF(RIGHT(C33,2)="12",IF(ISNUMBER(T33),T33,""),IF(COUNT(T33,U33,V33)=3,T33+U33-V33,"")) -> -63.981 | X33: -63.981 | Y33: -8.852 | Z33: 30.237 | AA33: -53.814 | AB33: -31.552 | AC33: 0 | AD33: 0 | AE33: 0 | AF33: 0 | AG33: =COUNTIF(Y33:AB33,">0") -> 1 | AH33: 0 | AI33: 30.237 | AJ33: =IF(ISNUMBER(X33),IF(X33>0,"+",IF(X33<0,"−","0")),IF(ISNUMBER(W33),IF(W33>0,"+",IF(W33<0,"−","0")),"yok")) -> − | AK33: =IF(AND(RIGHT(C33,2)<>"12",ISNUMBER(U33),ISNUMBER(V33)),U33-V33,"") -> 21.385 | AL33: =IF(AND(ISNUMBER(AK33),ISNUMBER(V33)),IF(V33<>0,AK33/ABS(V33),""),"") -> 0.4023594 | AM33: =IF(ISNUMBER(AK33),IF(AK33>1,1,0),"") -> 1 | AN33: =IF(ISNUMBER(AK33),IF(AK33>0.05*ABS(V33),1,0),"") -> 1 | AO33: -63.981 | AP33: 63.981 | AQ33: KESİN | AR33: 0 | AS33: 1159.211 | AT33: 1086.873 | AU33: KOŞULLU | AV33: 21.385 | AW33: =IF(AND(ISNUMBER(AV33),ISNUMBER(AT33)),IF(AT33<>0,AV33/ABS(AT33),""),"") -> 0.019675711 | AX33: 0 | AY33: 1 | BA33: 0
A34: ARSAN | B34: MDV+MODV alımı | C34: 2025/09 | D34: 1 | E34: 1 | F34: =SUM(G34:M34) -> 2 | G34: 0 | H34: 0 | I34: 0 | J34: 0 | K34: 0 | L34: 1 | M34: 1 | N34: 0 | O34: 0 | P34: 1 | Q34: 0 | R34: 0 | S34: 0 | T34: -344.462 | U34: -31.764 | V34: -62.002 | W34: =IF(RIGHT(C34,2)="12",IF(ISNUMBER(T34),T34,""),IF(COUNT(T34,U34,V34)=3,T34+U34-V34,"")) -> -314.224 | X34: -314.224 | Y34: 30.237 | Z34: -53.814 | AA34: -31.552 | AB34: -259.095 | AC34: 0 | AD34: 0 | AE34: 0 | AF34: 0 | AG34: =COUNTIF(Y34:AB34,">0") -> 1 | AH34: 0 | AI34: 30.237 | AJ34: =IF(ISNUMBER(X34),IF(X34>0,"+",IF(X34<0,"−","0")),IF(ISNUMBER(W34),IF(W34>0,"+",IF(W34<0,"−","0")),"yok")) -> − | AK34: =IF(AND(RIGHT(C34,2)<>"12",ISNUMBER(U34),ISNUMBER(V34)),U34-V34,"") -> 30.238 | AL34: =IF(AND(ISNUMBER(AK34),ISNUMBER(V34)),IF(V34<>0,AK34/ABS(V34),""),"") -> 0.48769395 | AM34: =IF(ISNUMBER(AK34),IF(AK34>1,1,0),"") -> 1 | AN34: =IF(ISNUMBER(AK34),IF(AK34>0.05*ABS(V34),1,0),"") -> 1 | AO34: -314.225 | AP34: 314.225 | AQ34: KESİN | AR34: 0 | AS34: 1523.524 | AU34: NULL | AV34: 30.238 | AW34: =IF(AND(ISNUMBER(AV34),ISNUMBER(AT34)),IF(AT34<>0,AV34/ABS(AT34),""),"") | AX34: 0 | AY34: 1 | BA34: 0
A35: ARTMS | B35: MDV+MODV alımı | C35: 2026/03 | D35: 1 | E35: 1 | F35: =SUM(G35:M35) -> 1 | G35: 0 | H35: 0 | I35: 0 | J35: 0 | K35: 0 | L35: 0 | M35: 1 | N35: 0 | O35: 0 | P35: 1 | Q35: 0 | R35: 0 | S35: 0 | T35: -16.307 | U35: -806.166 | V35: -164.921 | W35: =IF(RIGHT(C35,2)="12",IF(ISNUMBER(T35),T35,""),IF(COUNT(T35,U35,V35)=3,T35+U35-V35,"")) -> -657.552 | X35: -657.552 | Y35: 118.784 | Z35: -111.246 | AA35: -648.782 | AB35: -16.307 | AC35: 0 | AD35: 0 | AE35: 0 | AF35: 0 | AG35: =COUNTIF(Y35:AB35,">0") -> 1 | AH35: 0 | AI35: 118.784 | AJ35: =IF(ISNUMBER(X35),IF(X35>0,"+",IF(X35<0,"−","0")),IF(ISNUMBER(W35),IF(W35>0,"+",IF(W35<0,"−","0")),"yok")) -> − | AK35: =IF(AND(RIGHT(C35,2)<>"12",ISNUMBER(U35),ISNUMBER(V35)),U35-V35,"") -> -641.245 | AL35: =IF(AND(ISNUMBER(AK35),ISNUMBER(V35)),IF(V35<>0,AK35/ABS(V35),""),"") -> -3.888195 | AM35: =IF(ISNUMBER(AK35),IF(AK35>1,1,0),"") -> 0 | AN35: =IF(ISNUMBER(AK35),IF(AK35>0.05*ABS(V35),1,0),"") -> 0 | AO35: -657.553 | AP35: 657.553 | AQ35: KESİN | AR35: 0 | AS35: 494.632 | AU35: NULL | AV35: 118.784 | AW35: =IF(AND(ISNUMBER(AV35),ISNUMBER(AT35)),IF(AT35<>0,AV35/ABS(AT35),""),"") | AX35: 0 | AY35: 0 | BA35: 0
A36: ASUZU | B36: Kira anapara | C36: 2025/09 | D36: 1 | E36: 1 | F36: =SUM(G36:M36) -> 1 | G36: 0 | H36: 0 | I36: 0 | J36: 1 | K36: 0 | L36: 0 | M36: 0 | N36: 0 | O36: 1 | P36: 1 | Q36: 0 | R36: 0 | S36: 1 | T36: -89.628 | U36: -102.262 | V36: 16.624 | W36: =IF(RIGHT(C36,2)="12",IF(ISNUMBER(T36),T36,""),IF(COUNT(T36,U36,V36)=3,T36+U36-V36,"")) -> -208.514 | X36: -208.514 | Y36: -118.886 | Z36: -193.424 | AA36: 97.07 | AB36: 6.725 | AC36: 0 | AD36: 0 | AE36: 1 | AF36: 16.624 | AG36: =COUNTIF(Y36:AB36,">0") -> 2 | AH36: 103.795 | AI36: 0 | AJ36: =IF(ISNUMBER(X36),IF(X36>0,"+",IF(X36<0,"−","0")),IF(ISNUMBER(W36),IF(W36>0,"+",IF(W36<0,"−","0")),"yok")) -> − | AK36: =IF(AND(RIGHT(C36,2)<>"12",ISNUMBER(U36),ISNUMBER(V36)),U36-V36,"") -> -118.886 | AL36: =IF(AND(ISNUMBER(AK36),ISNUMBER(V36)),IF(V36<>0,AK36/ABS(V36),""),"") -> -7.1514678 | AM36: =IF(ISNUMBER(AK36),IF(AK36>1,1,0),"") -> 0 | AN36: =IF(ISNUMBER(AK36),IF(AK36>0.05*ABS(V36),1,0),"") -> 0 | AO36: -208.514 | AP36: 208.514 | AQ36: KESİN | AR36: 0 | AS36: 521.732 | AT36: -1566.203 | AU36: KOŞULLU | AV36: 16.624 | AW36: =IF(AND(ISNUMBER(AV36),ISNUMBER(AT36)),IF(AT36<>0,AV36/ABS(AT36),""),"") -> 0.010614205 | AX36: 1 | AY36: 0 | AZ36: YTD-1 2024/09 (+16.6): pozitif değer bölüm toplamına pozitif giriyor | BA36: 0
A37: ASUZU | B37: Kira anapara | C37: 2026/03 | D37: 1 | E37: 1 | F37: =SUM(G37:M37) -> 1 | G37: 0 | H37: 1 | I37: 0 | J37: 0 | K37: 0 | L37: 0 | M37: 0 | N37: 0 | O37: 0 | P37: 1 | Q37: 1 | R37: 1 | S37: 0 | T37: -41.839 | U37: -175.537 | V37: -193.424 | W37: =IF(RIGHT(C37,2)="12",IF(ISNUMBER(T37),T37,""),IF(COUNT(T37,U37,V37)=3,T37+U37-V37,"")) -> -23.952 | X37: -23.951 | Y37: 97.07 | Z37: 6.725 | AA37: -85.908 | AB37: -41.839 | AC37: 0 | AD37: 0 | AE37: 0 | AF37: 0 | AG37: =COUNTIF(Y37:AB37,">0") -> 2 | AH37: 0 | AI37: 103.795 | AJ37: =IF(ISNUMBER(X37),IF(X37>0,"+",IF(X37<0,"−","0")),IF(ISNUMBER(W37),IF(W37>0,"+",IF(W37<0,"−","0")),"yok")) -> − | AK37: =IF(AND(RIGHT(C37,2)<>"12",ISNUMBER(U37),ISNUMBER(V37)),U37-V37,"") -> 17.887 | AL37: =IF(AND(ISNUMBER(AK37),ISNUMBER(V37)),IF(V37<>0,AK37/ABS(V37),""),"") -> 0.092475598 | AM37: =IF(ISNUMBER(AK37),IF(AK37>1,1,0),"") -> 1 | AN37: =IF(ISNUMBER(AK37),IF(AK37>0.05*ABS(V37),1,0),"") -> 1 | AO37: -23.951 | AP37: 23.951 | AQ37: KESİN | AR37: 0 | AS37: 1480.526 | AT37: -210.719 | AU37: KESİN | AV37: 17.887 | AW37: =IF(AND(ISNUMBER(AV37),ISNUMBER(AT37)),IF(AT37<>0,AV37/ABS(AT37),""),"") -> 0.084885558 | AX37: 0 | AY37: 1 | BA37: 0
A38: ATATP | B38: Kira anapara | C38: 2025/03 | D38: 1 | E38: 1 | F38: =SUM(G38:M38) -> 1 | G38: 0 | H38: 0 | I38: 0 | J38: 1 | K38: 0 | L38: 0 | M38: 0 | N38: 0 | O38: 1 | P38: 1 | Q38: 0 | R38: 1 | S38: 0 | T38: -16.182 | U38: -51.576 | V38: 15.499 | W38: =IF(RIGHT(C38,2)="12",IF(ISNUMBER(T38),T38,""),IF(COUNT(T38,U38,V38)=3,T38+U38-V38,"")) -> -83.257 | X38: -83.258 | Y38: 13.037 | Z38: -68.23 | AA38: -11.883 | AB38: -16.182 | AC38: 0 | AD38: 0 | AE38: 1 | AF38: 15.499 | AG38: =COUNTIF(Y38:AB38,">0") -> 1 | AH38: 0 | AI38: 13.037 | AJ38: =IF(ISNUMBER(X38),IF(X38>0,"+",IF(X38<0,"−","0")),IF(ISNUMBER(W38),IF(W38>0,"+",IF(W38<0,"−","0")),"yok")) -> − | AK38: =IF(AND(RIGHT(C38,2)<>"12",ISNUMBER(U38),ISNUMBER(V38)),U38-V38,"") -> -67.075 | AL38: =IF(AND(ISNUMBER(AK38),ISNUMBER(V38)),IF(V38<>0,AK38/ABS(V38),""),"") -> -4.3276986 | AM38: =IF(ISNUMBER(AK38),IF(AK38>1,1,0),"") -> 0 | AN38: =IF(ISNUMBER(AK38),IF(AK38>0.05*ABS(V38),1,0),"") -> 0 | AO38: -83.259 | AP38: 83.259 | AQ38: KESİN | AR38: 0 | AS38: 1276.887 | AT38: 246.597 | AU38: KESİN | AV38: 15.499 | AW38: =IF(AND(ISNUMBER(AV38),ISNUMBER(AT38)),IF(AT38<>0,AV38/ABS(AT38),""),"") -> 0.062851535 | AX38: 1 | AY38: 0 | AZ38: YTD-1 2024/03 (+15.5): kalem = finansman bölüm toplamı | BA38: 0
A39: ATATP | B39: Kira anapara | C39: 2025/06 | D39: 1 | E39: 1 | F39: =SUM(G39:M39) -> 1 | G39: 0 | H39: 0 | I39: 0 | J39: 1 | K39: 0 | L39: 0 | M39: 0 | N39: 0 | O39: 1 | P39: 0 | Q39: 0 | R39: 0 | S39: 0 | T39: -30.534 | U39: -51.576 | V39: 28.537 | W39: =IF(RIGHT(C39,2)="12",IF(ISNUMBER(T39),T39,""),IF(COUNT(T39,U39,V39)=3,T39+U39-V39,"")) -> -110.647 | X39: -110.648 | Y39: -68.23 | Z39: -11.883 | AA39: -16.182 | AB39: -14.352 | AC39: 0 | AD39: 0 | AE39: 1 | AF39: 28.537 | AG39: =COUNTIF(Y39:AB39,">0") -> 0 | AH39: 0 | AI39: 0 | AJ39: =IF(ISNUMBER(X39),IF(X39>0,"+",IF(X39<0,"−","0")),IF(ISNUMBER(W39),IF(W39>0,"+",IF(W39<0,"−","0")),"yok")) -> − | AK39: =IF(AND(RIGHT(C39,2)<>"12",ISNUMBER(U39),ISNUMBER(V39)),U39-V39,"") -> -80.113 | AL39: =IF(AND(ISNUMBER(AK39),ISNUMBER(V39)),IF(V39<>0,AK39/ABS(V39),""),"") -> -2.8073378 | AM39: =IF(ISNUMBER(AK39),IF(AK39>1,1,0),"") -> 0 | AN39: =IF(ISNUMBER(AK39),IF(AK39>0.05*ABS(V39),1,0),"") -> 0 | AO39: -110.648 | AP39: 110.648 | AQ39: KESİN | AR39: 0 | AS39: 3630.686 | AT39: 2684.536 | AU39: KOŞULLU | AV39: 28.537 | AW39: =IF(AND(ISNUMBER(AV39),ISNUMBER(AT39)),IF(AT39<>0,AV39/ABS(AT39),""),"") -> 0.010630142 | AX39: 1 | AY39: 0 | AZ39: YTD-1 2024/06 (+28.5): kalem = finansman bölüm toplamı | BA39: 0
A40: ATEKS | B40: MDV+MODV alımı | C40: 2025/03 | D40: 1 | E40: 1 | F40: =SUM(G40:M40) -> 2 | G40: 0 | H40: 0 | I40: 0 | J40: 0 | K40: 0 | L40: 1 | M40: 1 | N40: 1 | O40: 0 | P40: 1 | Q40: 0 | R40: 0 | S40: 0 | T40: -0.016 | U40: -4.043 | V40: -17.859 | W40: =IF(RIGHT(C40,2)="12",IF(ISNUMBER(T40),T40,""),IF(COUNT(T40,U40,V40)=3,T40+U40-V40,"")) -> 13.8 | X40: 13.799 | Y40: 17.859 | Z40: -5.251 | AA40: 1.208 | AB40: -0.016 | AC40: 0 | AD40: 0 | AE40: 0 | AF40: 0 | AG40: =COUNTIF(Y40:AB40,">0") -> 2 | AH40: 0 | AI40: 19.067 | AJ40: =IF(ISNUMBER(X40),IF(X40>0,"+",IF(X40<0,"−","0")),IF(ISNUMBER(W40),IF(W40>0,"+",IF(W40<0,"−","0")),"yok")) -> + | AK40: =IF(AND(RIGHT(C40,2)<>"12",ISNUMBER(U40),ISNUMBER(V40)),U40-V40,"") -> 13.816 | AL40: =IF(AND(ISNUMBER(AK40),ISNUMBER(V40)),IF(V40<>0,AK40/ABS(V40),""),"") -> 0.77361554 | AM40: =IF(ISNUMBER(AK40),IF(AK40>1,1,0),"") -> 1 | AN40: =IF(ISNUMBER(AK40),IF(AK40>0.05*ABS(V40),1,0),"") -> 1 | AO40: 13.799 | AP40: 13.799 | AQ40: KESİN | AR40: 0 | AS40: 87.966 | AU40: NULL | AV40: 13.816 | AW40: =IF(AND(ISNUMBER(AV40),ISNUMBER(AT40)),IF(AT40<>0,AV40/ABS(AT40),""),"") | AX40: 0 | AY40: 1 | BA40: 0
A41: ATEKS | B41: MDV+MODV alımı | C41: 2025/06 | D41: 1 | E41: 1 | F41: =SUM(G41:M41) -> 1 | G41: 0 | H41: 0 | I41: 0 | J41: 0 | K41: 0 | L41: 0 | M41: 1 | N41: 0 | O41: 0 | P41: 1 | Q41: 0 | R41: 0 | S41: 0 | T41: -0.016 | U41: -4.043 | V41: 0 | W41: =IF(RIGHT(C41,2)="12",IF(ISNUMBER(T41),T41,""),IF(COUNT(T41,U41,V41)=3,T41+U41-V41,"")) -> -4.059 | X41: -4.059 | Y41: -5.251 | Z41: 1.208 | AA41: -0.016 | AB41: 0 | AC41: 0 | AD41: 0 | AE41: 0 | AF41: 0 | AG41: =COUNTIF(Y41:AB41,">0") -> 1 | AH41: 0 | AI41: 1.208 | AJ41: =IF(ISNUMBER(X41),IF(X41>0,"+",IF(X41<0,"−","0")),IF(ISNUMBER(W41),IF(W41>0,"+",IF(W41<0,"−","0")),"yok")) -> − | AK41: =IF(AND(RIGHT(C41,2)<>"12",ISNUMBER(U41),ISNUMBER(V41)),U41-V41,"") -> -4.043 | AL41: =IF(AND(ISNUMBER(AK41),ISNUMBER(V41)),IF(V41<>0,AK41/ABS(V41),""),"") | AM41: =IF(ISNUMBER(AK41),IF(AK41>1,1,0),"") -> 0 | AN41: =IF(ISNUMBER(AK41),IF(AK41>0.05*ABS(V41),1,0),"") -> 0 | AO41: -4.06 | AP41: 4.06 | AQ41: KESİN | AR41: 0 | AS41: -5.768 | AU41: NULL | AV41: 1.208 | AW41: =IF(AND(ISNUMBER(AV41),ISNUMBER(AT41)),IF(AT41<>0,AV41/ABS(AT41),""),"") | AX41: 0 | AY41: 0 | BA41: 0
A42: ATEKS | B42: MDV+MODV alımı | C42: 2025/09 | D42: 1 | E42: 1 | F42: =SUM(G42:M42) -> 2 | G42: 0 | H42: 0 | I42: 0 | J42: 0 | K42: 0 | L42: 1 | M42: 1 | N42: 1 | O42: 0 | P42: 1 | Q42: 0 | R42: 0 | S42: 0 | T42: -0.265 | U42: -4.043 | V42: -5.251 | W42: =IF(RIGHT(C42,2)="12",IF(ISNUMBER(T42),T42,""),IF(COUNT(T42,U42,V42)=3,T42+U42-V42,"")) -> 0.943 | X42: 0.942 | Y42: 1.208 | Z42: -0.016 | AA42: 0 | AB42: -0.248 | AC42: 0 | AD42: 0 | AE42: 0 | AF42: 0 | AG42: =COUNTIF(Y42:AB42,">0") -> 1 | AH42: 0 | AI42: 1.208 | AJ42: =IF(ISNUMBER(X42),IF(X42>0,"+",IF(X42<0,"−","0")),IF(ISNUMBER(W42),IF(W42>0,"+",IF(W42<0,"−","0")),"yok")) -> + | AK42: =IF(AND(RIGHT(C42,2)<>"12",ISNUMBER(U42),ISNUMBER(V42)),U42-V42,"") -> 1.208 | AL42: =IF(AND(ISNUMBER(AK42),ISNUMBER(V42)),IF(V42<>0,AK42/ABS(V42),""),"") -> 0.23005142 | AM42: =IF(ISNUMBER(AK42),IF(AK42>1,1,0),"") -> 1 | AN42: =IF(ISNUMBER(AK42),IF(AK42>0.05*ABS(V42),1,0),"") -> 1 | AO42: 0.943 | AP42: 0.943 | AQ42: KESİN | AR42: 0 | AS42: 53.248 | AU42: NULL | AV42: 1.208 | AW42: =IF(AND(ISNUMBER(AV42),ISNUMBER(AT42)),IF(AT42<>0,AV42/ABS(AT42),""),"") | AX42: 0 | AY42: 1 | BA42: 0
A43: AVHOL | B43: Kira anapara | C43: 2025/03 | D43: 1 | E43: 1 | F43: =SUM(G43:M43) -> 1 | G43: 0 | H43: 0 | I43: 0 | J43: 1 | K43: 0 | L43: 0 | M43: 0 | N43: 0 | O43: 1 | P43: 0 | Q43: 0 | R43: 0 | S43: 0 | T43: -0.094 | U43: -26.623 | V43: 0.836 | W43: =IF(RIGHT(C43,2)="12",IF(ISNUMBER(T43),T43,""),IF(COUNT(T43,U43,V43)=3,T43+U43-V43,"")) -> -27.553 | X43: -27.554 | AB43: -0.094 | AC43: 0 | AD43: 0 | AE43: 1 | AF43: 0.836 | AG43: =COUNTIF(Y43:AB43,">0") -> 0 | AH43: 0 | AI43: 0 | AJ43: =IF(ISNUMBER(X43),IF(X43>0,"+",IF(X43<0,"−","0")),IF(ISNUMBER(W43),IF(W43>0,"+",IF(W43<0,"−","0")),"yok")) -> − | AK43: =IF(AND(RIGHT(C43,2)<>"12",ISNUMBER(U43),ISNUMBER(V43)),U43-V43,"") -> -27.459 | AL43: =IF(AND(ISNUMBER(AK43),ISNUMBER(V43)),IF(V43<>0,AK43/ABS(V43),""),"") -> -32.845694 | AM43: =IF(ISNUMBER(AK43),IF(AK43>1,1,0),"") -> 0 | AN43: =IF(ISNUMBER(AK43),IF(AK43>0.05*ABS(V43),1,0),"") -> 0 | AQ43: NULL | AR43: 0 | AS43: 82.941 | AU43: NULL | AV43: 0.836 | AW43: =IF(AND(ISNUMBER(AV43),ISNUMBER(AT43)),IF(AT43<>0,AV43/ABS(AT43),""),"") | AX43: 1 | AY43: 0 | AZ43: YTD-1 2024/03 (+0.8): kalem = finansman bölüm toplamı | BA43: 0
A44: AVHOL | B44: MDV+MODV alımı | C44: 2025/03 | D44: 1 | E44: 1 | F44: =SUM(G44:M44) -> 1 | G44: 0 | H44: 0 | I44: 0 | J44: 0 | K44: 0 | L44: 0 | M44: 1 | N44: 0 | O44: 0 | P44: 1 | Q44: 0 | R44: 0 | S44: 0 | T44: -15.625 | U44: -138.11 | V44: -66.077 | W44: =IF(RIGHT(C44,2)="12",IF(ISNUMBER(T44),T44,""),IF(COUNT(T44,U44,V44)=3,T44+U44-V44,"")) -> -87.658 | X44: -87.658 | Y44: 63.665 | Z44: 0.197 | AA44: -135.895 | AB44: -15.625 | AC44: 0 | AD44: 0 | AE44: 0 | AF44: 0 | AG44: =COUNTIF(Y44:AB44,">0") -> 2 | AH44: 0 | AI44: 63.862 | AJ44: =IF(ISNUMBER(X44),IF(X44>0,"+",IF(X44<0,"−","0")),IF(ISNUMBER(W44),IF(W44>0,"+",IF(W44<0,"−","0")),"yok")) -> − | AK44: =IF(AND(RIGHT(C44,2)<>"12",ISNUMBER(U44),ISNUMBER(V44)),U44-V44,"") -> -72.033 | AL44: =IF(AND(ISNUMBER(AK44),ISNUMBER(V44)),IF(V44<>0,AK44/ABS(V44),""),"") -> -1.0901373 | AM44: =IF(ISNUMBER(AK44),IF(AK44>1,1,0),"") -> 0 | AN44: =IF(ISNUMBER(AK44),IF(AK44>0.05*ABS(V44),1,0),"") -> 0 | AO44: -87.658 | AP44: 87.658 | AQ44: KESİN | AR44: 0 | AS44: 82.941 | AU44: NULL | AV44: 63.665 | AW44: =IF(AND(ISNUMBER(AV44),ISNUMBER(AT44)),IF(AT44<>0,AV44/ABS(AT44),""),"") | AX44: 0 | AY44: 0 | BA44: 0
A45: AVTUR | B45: MDV+MODV alımı | C45: 2026/03 | D45: 1 | E45: 1 | F45: =SUM(G45:M45) -> 1 | G45: 0 | H45: 0 | I45: 1 | J45: 0 | K45: 0 | L45: 0 | M45: 0 | N45: 1 | O45: 1 | P45: 1 | Q45: 0 | R45: 0 | S45: 0 | T45: 1.894 | U45: -0.727 | V45: -0.028 | W45: =IF(RIGHT(C45,2)="12",IF(ISNUMBER(T45),T45,""),IF(COUNT(T45,U45,V45)=3,T45+U45-V45,"")) -> 1.195 | X45: 1.195 | Y45: -0.107 | Z45: -0.114 | AA45: -0.477 | AB45: 1.894 | AC45: 1 | AD45: 0 | AE45: 0 | AF45: 1.894 | AG45: =COUNTIF(Y45:AB45,">0") -> 1 | AH45: 0 | AI45: 0 | AJ45: =IF(ISNUMBER(X45),IF(X45>0,"+",IF(X45<0,"−","0")),IF(ISNUMBER(W45),IF(W45>0,"+",IF(W45<0,"−","0")),"yok")) -> + | AK45: =IF(AND(RIGHT(C45,2)<>"12",ISNUMBER(U45),ISNUMBER(V45)),U45-V45,"") -> -0.699 | AL45: =IF(AND(ISNUMBER(AK45),ISNUMBER(V45)),IF(V45<>0,AK45/ABS(V45),""),"") -> -24.964286 | AM45: =IF(ISNUMBER(AK45),IF(AK45>1,1,0),"") -> 0 | AN45: =IF(ISNUMBER(AK45),IF(AK45>0.05*ABS(V45),1,0),"") -> 0 | AO45: 1.195 | AP45: 0 | AQ45: KESİN | AR45: 1 | AS45: 53.536 | AT45: 53.536 | AU45: KESİN | AV45: 1.894 | AW45: =IF(AND(ISNUMBER(AV45),ISNUMBER(AT45)),IF(AT45<>0,AV45/ABS(AT45),""),"") -> 0.035378063 | AX45: 1 | AY45: 0 | AZ45: YTD 2026/03 (+1.9): kalem = yatırım bölüm toplamı | BA45: 0
A46: AVTUR | B46: MDV+MODV alımı | C46: 2026/06 | D46: 1 | E46: 1 | F46: =SUM(G46:M46) -> 1 | G46: 0 | H46: 0 | I46: 1 | J46: 0 | K46: 0 | L46: 0 | M46: 0 | N46: 1 | O46: 1 | P46: 1 | Q46: 0 | R46: 0 | S46: 1 | T46: 8.742 | U46: -0.727 | V46: -0.135 | W46: =IF(RIGHT(C46,2)="12",IF(ISNUMBER(T46),T46,""),IF(COUNT(T46,U46,V46)=3,T46+U46-V46,"")) -> 8.15 | X46: 8.151 | Y46: -0.114 | Z46: -0.477 | AA46: 1.894 | AB46: 6.848 | AC46: 1 | AD46: 0 | AE46: 0 | AF46: 8.742 | AG46: =COUNTIF(Y46:AB46,">0") -> 2 | AH46: 6.848 | AI46: 0 | AJ46: =IF(ISNUMBER(X46),IF(X46>0,"+",IF(X46<0,"−","0")),IF(ISNUMBER(W46),IF(W46>0,"+",IF(W46<0,"−","0")),"yok")) -> + | AK46: =IF(AND(RIGHT(C46,2)<>"12",ISNUMBER(U46),ISNUMBER(V46)),U46-V46,"") -> -0.592 | AL46: =IF(AND(ISNUMBER(AK46),ISNUMBER(V46)),IF(V46<>0,AK46/ABS(V46),""),"") -> -4.3851852 | AM46: =IF(ISNUMBER(AK46),IF(AK46>1,1,0),"") -> 0 | AN46: =IF(ISNUMBER(AK46),IF(AK46>0.05*ABS(V46),1,0),"") -> 0 | AO46: 8.151 | AP46: 0 | AQ46: KESİN | AR46: 1 | AS46: -51.779 | AT46: -51.779 | AU46: KESİN | AV46: 8.742 | AW46: =IF(AND(ISNUMBER(AV46),ISNUMBER(AT46)),IF(AT46<>0,AV46/ABS(AT46),""),"") -> 0.16883292 | AX46: 1 | AY46: 0 | AZ46: YTD 2026/06 (+8.7): pozitif değer bölüm toplamına pozitif giriyor | BA46: 0
A47: AYCES | B47: Kira anapara | C47: 2025/03 | D47: 1 | E47: 1 | F47: =SUM(G47:M47) -> 1 | G47: 0 | H47: 0 | I47: 0 | J47: 1 | K47: 0 | L47: 0 | M47: 0 | N47: 0 | O47: 1 | P47: 1 | Q47: 0 | R47: 1 | S47: 0 | T47: 5.223 | U47: -12.935 | V47: 0 | W47: =IF(RIGHT(C47,2)="12",IF(ISNUMBER(T47),T47,""),IF(COUNT(T47,U47,V47)=3,T47+U47-V47,"")) -> -7.712 | X47: -7.712 | Y47: -4.617 | Z47: 3.286 | AA47: -11.604 | AB47: 5.223 | AC47: 1 | AD47: 0 | AE47: 0 | AF47: 5.223 | AG47: =COUNTIF(Y47:AB47,">0") -> 2 | AH47: 0 | AI47: 3.286 | AJ47: =IF(ISNUMBER(X47),IF(X47>0,"+",IF(X47<0,"−","0")),IF(ISNUMBER(W47),IF(W47>0,"+",IF(W47<0,"−","0")),"yok")) -> − | AK47: =IF(AND(RIGHT(C47,2)<>"12",ISNUMBER(U47),ISNUMBER(V47)),U47-V47,"") -> -12.935 | AL47: =IF(AND(ISNUMBER(AK47),ISNUMBER(V47)),IF(V47<>0,AK47/ABS(V47),""),"") | AM47: =IF(ISNUMBER(AK47),IF(AK47>1,1,0),"") -> 0 | AN47: =IF(ISNUMBER(AK47),IF(AK47>0.05*ABS(V47),1,0),"") -> 0 | AO47: -7.713 | AP47: 7.713 | AQ47: KESİN | AR47: 0 | AS47: 13.962 | AT47: -38.131 | AU47: KESİN | AV47: 5.223 | AW47: =IF(AND(ISNUMBER(AV47),ISNUMBER(AT47)),IF(AT47<>0,AV47/ABS(AT47),""),"") -> 0.13697516 | AX47: 1 | AY47: 0 | AZ47: YTD 2025/03 (+5.2): pozitif değer bölüm toplamına pozitif giriyor | BA47: 0
A48: AYCES | B48: Kira anapara | C48: 2026/03 | D48: 1 | E48: 1 | F48: =SUM(G48:M48) -> 1 | G48: 0 | H48: 0 | I48: 0 | J48: 1 | K48: 0 | L48: 0 | M48: 0 | N48: 0 | O48: 1 | P48: 1 | Q48: 0 | R48: 1 | S48: 0 | T48: 0.53 | U48: -16.498 | V48: 5.223 | W48: =IF(RIGHT(C48,2)="12",IF(ISNUMBER(T48),T48,""),IF(COUNT(T48,U48,V48)=3,T48+U48-V48,"")) -> -21.191 | X48: -21.191 | Y48: -18.702 | Z48: 7.69 | AA48: -10.71 | AB48: 0.53 | AC48: 1 | AD48: 0 | AE48: 1 | AF48: 5.223 | AG48: =COUNTIF(Y48:AB48,">0") -> 2 | AH48: 0 | AI48: 7.69 | AJ48: =IF(ISNUMBER(X48),IF(X48>0,"+",IF(X48<0,"−","0")),IF(ISNUMBER(W48),IF(W48>0,"+",IF(W48<0,"−","0")),"yok")) -> − | AK48: =IF(AND(RIGHT(C48,2)<>"12",ISNUMBER(U48),ISNUMBER(V48)),U48-V48,"") -> -21.721 | AL48: =IF(AND(ISNUMBER(AK48),ISNUMBER(V48)),IF(V48<>0,AK48/ABS(V48),""),"") -> -4.158721 | AM48: =IF(ISNUMBER(AK48),IF(AK48>1,1,0),"") -> 0 | AN48: =IF(ISNUMBER(AK48),IF(AK48>0.05*ABS(V48),1,0),"") -> 0 | AO48: -21.191 | AP48: 21.191 | AQ48: KESİN | AR48: 0 | AS48: 62.873 | AT48: -5.132 | AU48: KESİN | AV48: 5.223 | AW48: =IF(AND(ISNUMBER(AV48),ISNUMBER(AT48)),IF(AT48<>0,AV48/ABS(AT48),""),"") -> 1.0177319 | AX48: 1 | AY48: 0 | AZ48: YTD 2026/03 (+0.5): pozitif değer bölüm toplamına pozitif giriyor | YTD-1 2025/03 (+5.2): pozitif değer bölüm toplamına pozitif giriyor | BA48: 0
A49: AYEN | B49: MDV+MODV alımı | C49: 2025/03 | D49: 1 | E49: 1 | F49: =SUM(G49:M49) -> 1 | G49: 0 | H49: 0 | I49: 0 | J49: 0 | K49: 0 | L49: 0 | M49: 1 | N49: 0 | O49: 0 | P49: 1 | Q49: 0 | R49: 0 | S49: 0 | T49: -0.555 | U49: -4.753 | V49: -1.373 | W49: =IF(RIGHT(C49,2)="12",IF(ISNUMBER(T49),T49,""),IF(COUNT(T49,U49,V49)=3,T49+U49-V49,"")) -> -3.935 | X49: -3.935 | Y49: -14.646 | Z49: -0.424 | AA49: 11.69 | AB49: -0.555 | AC49: 0 | AD49: 0 | AE49: 0 | AF49: 0 | AG49: =COUNTIF(Y49:AB49,">0") -> 1 | AH49: 0 | AI49: 11.69 | AJ49: =IF(ISNUMBER(X49),IF(X49>0,"+",IF(X49<0,"−","0")),IF(ISNUMBER(W49),IF(W49>0,"+",IF(W49<0,"−","0")),"yok")) -> − | AK49: =IF(AND(RIGHT(C49,2)<>"12",ISNUMBER(U49),ISNUMBER(V49)),U49-V49,"") -> -3.38 | AL49: =IF(AND(ISNUMBER(AK49),ISNUMBER(V49)),IF(V49<>0,AK49/ABS(V49),""),"") -> -2.4617626 | AM49: =IF(ISNUMBER(AK49),IF(AK49>1,1,0),"") -> 0 | AN49: =IF(ISNUMBER(AK49),IF(AK49>0.05*ABS(V49),1,0),"") -> 0 | AO49: -3.936 | AP49: 3.936 | AQ49: KESİN | AR49: 0 | AS49: 2944.352 | AT49: 2920.055 | AU49: KESİN | AV49: 11.69 | AW49: =IF(AND(ISNUMBER(AV49),ISNUMBER(AT49)),IF(AT49<>0,AV49/ABS(AT49),""),"") -> 0.0040033493 | AX49: 0 | AY49: 0 | BA49: 0
A50: AYEN | B50: MDV+MODV alımı | C50: 2025/06 | D50: 1 | E50: 1 | F50: =SUM(G50:M50) -> 3 | G50: 0 | H50: 0 | I50: 1 | J50: 0 | K50: 0 | L50: 1 | M50: 1 | N50: 1 | O50: 0 | P50: 1 | Q50: 0 | R50: 0 | S50: 0 | T50: -0.759 | U50: -4.753 | V50: -16.019 | W50: =IF(RIGHT(C50,2)="12",IF(ISNUMBER(T50),T50,""),IF(COUNT(T50,U50,V50)=3,T50+U50-V50,"")) -> 10.507 | X50: 10.505 | Y50: -0.424 | Z50: 11.69 | AA50: -0.555 | AB50: -0.204 | AC50: 0 | AD50: 0 | AE50: 0 | AF50: 0 | AG50: =COUNTIF(Y50:AB50,">0") -> 1 | AH50: 0 | AI50: 11.69 | AJ50: =IF(ISNUMBER(X50),IF(X50>0,"+",IF(X50<0,"−","0")),IF(ISNUMBER(W50),IF(W50>0,"+",IF(W50<0,"−","0")),"yok")) -> + | AK50: =IF(AND(RIGHT(C50,2)<>"12",ISNUMBER(U50),ISNUMBER(V50)),U50-V50,"") -> 11.266 | AL50: =IF(AND(ISNUMBER(AK50),ISNUMBER(V50)),IF(V50<>0,AK50/ABS(V50),""),"") -> 0.70328984 | AM50: =IF(ISNUMBER(AK50),IF(AK50>1,1,0),"") -> 1 | AN50: =IF(ISNUMBER(AK50),IF(AK50>0.05*ABS(V50),1,0),"") -> 1 | AO50: 10.505 | AP50: 0 | AQ50: KESİN | AR50: 1 | AS50: 2288.699 | AT50: 2240.605 | AU50: KESİN | AV50: 11.266 | AW50: =IF(AND(ISNUMBER(AV50),ISNUMBER(AT50)),IF(AT50<>0,AV50/ABS(AT50),""),"") -> 0.0050281062 | AX50: 0 | AY50: 1 | BA50: 0
A51: AYEN | B51: MDV+MODV alımı | C51: 2025/09 | D51: 1 | E51: 1 | F51: =SUM(G51:M51) -> 3 | G51: 0 | H51: 0 | I51: 1 | J51: 0 | K51: 0 | L51: 1 | M51: 1 | N51: 1 | O51: 0 | P51: 1 | Q51: 0 | R51: 0 | S51: 0 | T51: -7.41 | U51: -4.753 | V51: -16.444 | W51: =IF(RIGHT(C51,2)="12",IF(ISNUMBER(T51),T51,""),IF(COUNT(T51,U51,V51)=3,T51+U51-V51,"")) -> 4.281 | X51: 4.279 | Y51: 11.69 | Z51: -0.555 | AA51: -0.204 | AB51: -6.65 | AC51: 0 | AD51: 0 | AE51: 0 | AF51: 0 | AG51: =COUNTIF(Y51:AB51,">0") -> 1 | AH51: 0 | AI51: 11.69 | AJ51: =IF(ISNUMBER(X51),IF(X51>0,"+",IF(X51<0,"−","0")),IF(ISNUMBER(W51),IF(W51>0,"+",IF(W51<0,"−","0")),"yok")) -> + | AK51: =IF(AND(RIGHT(C51,2)<>"12",ISNUMBER(U51),ISNUMBER(V51)),U51-V51,"") -> 11.691 | AL51: =IF(AND(ISNUMBER(AK51),ISNUMBER(V51)),IF(V51<>0,AK51/ABS(V51),""),"") -> 0.7109584 | AM51: =IF(ISNUMBER(AK51),IF(AK51>1,1,0),"") -> 1 | AN51: =IF(ISNUMBER(AK51),IF(AK51>0.05*ABS(V51),1,0),"") -> 1 | AO51: 4.28 | AP51: 0 | AQ51: KESİN | AR51: 1 | AS51: 2476.232 | AT51: 2434.691 | AU51: KESİN | AV51: 11.691 | AW51: =IF(AND(ISNUMBER(AV51),ISNUMBER(AT51)),IF(AT51<>0,AV51/ABS(AT51),""),"") -> 0.0048018414 | AX51: 0 | AY51: 1 | BA51: 0
A52: BAHKM | B52: MDV+MODV alımı | C52: 2025/03 | D52: 1 | E52: 1 | F52: =SUM(G52:M52) -> 1 | G52: 0 | H52: 0 | I52: 0 | J52: 0 | K52: 0 | L52: 0 | M52: 1 | N52: 0 | O52: 0 | P52: 1 | Q52: 0 | R52: 0 | S52: 0 | T52: -6.524 | U52: -73.703 | V52: -15.41 | W52: =IF(RIGHT(C52,2)="12",IF(ISNUMBER(T52),T52,""),IF(COUNT(T52,U52,V52)=3,T52+U52-V52,"")) -> -64.817 | X52: -64.818 | Y52: 1.137 | Z52: -14.607 | AA52: -44.823 | AB52: -6.524 | AC52: 0 | AD52: 0 | AE52: 0 | AF52: 0 | AG52: =COUNTIF(Y52:AB52,">0") -> 1 | AH52: 0 | AI52: 1.137 | AJ52: =IF(ISNUMBER(X52),IF(X52>0,"+",IF(X52<0,"−","0")),IF(ISNUMBER(W52),IF(W52>0,"+",IF(W52<0,"−","0")),"yok")) -> − | AK52: =IF(AND(RIGHT(C52,2)<>"12",ISNUMBER(U52),ISNUMBER(V52)),U52-V52,"") -> -58.293 | AL52: =IF(AND(ISNUMBER(AK52),ISNUMBER(V52)),IF(V52<>0,AK52/ABS(V52),""),"") -> -3.7828034 | AM52: =IF(ISNUMBER(AK52),IF(AK52>1,1,0),"") -> 0 | AN52: =IF(ISNUMBER(AK52),IF(AK52>0.05*ABS(V52),1,0),"") -> 0 | AO52: -64.819 | AP52: 64.819 | AQ52: KESİN | AR52: 0 | AS52: -735.754 | AT52: -800.573 | AU52: KESİN | AV52: 1.137 | AW52: =IF(AND(ISNUMBER(AV52),ISNUMBER(AT52)),IF(AT52<>0,AV52/ABS(AT52),""),"") -> 0.0014202328 | AX52: 0 | AY52: 0 | BA52: 0
A53: BAKAB | B53: Kira anapara | C53: 2025/03 | D53: 1 | E53: 1 | F53: =SUM(G53:M53) -> 1 | G53: 0 | H53: 0 | I53: 0 | J53: 1 | K53: 0 | L53: 0 | M53: 0 | N53: 0 | O53: 1 | P53: 1 | Q53: 0 | R53: 1 | S53: 0 | T53: 4.809 | U53: -9.558 | V53: 5.944 | W53: =IF(RIGHT(C53,2)="12",IF(ISNUMBER(T53),T53,""),IF(COUNT(T53,U53,V53)=3,T53+U53-V53,"")) -> -10.693 | X53: -10.693 | Y53: -15.546 | Z53: 22.537 | AA53: -22.494 | AB53: 4.809 | AC53: 1 | AD53: 0 | AE53: 1 | AF53: 5.944 | AG53: =COUNTIF(Y53:AB53,">0") -> 2 | AH53: 0 | AI53: 22.537 | AJ53: =IF(ISNUMBER(X53),IF(X53>0,"+",IF(X53<0,"−","0")),IF(ISNUMBER(W53),IF(W53>0,"+",IF(W53<0,"−","0")),"yok")) -> − | AK53: =IF(AND(RIGHT(C53,2)<>"12",ISNUMBER(U53),ISNUMBER(V53)),U53-V53,"") -> -15.502 | AL53: =IF(AND(ISNUMBER(AK53),ISNUMBER(V53)),IF(V53<>0,AK53/ABS(V53),""),"") -> -2.6080081 | AM53: =IF(ISNUMBER(AK53),IF(AK53>1,1,0),"") -> 0 | AN53: =IF(ISNUMBER(AK53),IF(AK53>0.05*ABS(V53),1,0),"") -> 0 | AO53: -10.694 | AP53: 10.694 | AQ53: KESİN | AR53: 0 | AS53: 213.956 | AT53: 80.46 | AU53: KESİN | AV53: 5.944 | AW53: =IF(AND(ISNUMBER(AV53),ISNUMBER(AT53)),IF(AT53<>0,AV53/ABS(AT53),""),"") -> 0.073875217 | AX53: 1 | AY53: 0 | AZ53: YTD 2025/03 (+4.8): pozitif değer bölüm toplamına pozitif giriyor | YTD-1 2024/03 (+5.9): pozitif değer bölüm toplamına pozitif giriyor | BA53: 0
A54: BAKAB | B54: Kira anapara | C54: 2025/09 | D54: 1 | E54: 1 | F54: =SUM(G54:M54) -> 1 | G54: 0 | H54: 0 | I54: 0 | J54: 1 | K54: 0 | L54: 0 | M54: 0 | N54: 0 | O54: 1 | P54: 1 | Q54: 0 | R54: 0 | S54: 1 | T54: 5.643 | U54: -9.558 | V54: 12.935 | W54: =IF(RIGHT(C54,2)="12",IF(ISNUMBER(T54),T54,""),IF(COUNT(T54,U54,V54)=3,T54+U54-V54,"")) -> -16.85 | X54: -16.851 | Y54: -22.494 | Z54: 4.809 | AA54: -13.261 | AB54: 14.095 | AC54: 1 | AD54: 0 | AE54: 1 | AF54: 12.935 | AG54: =COUNTIF(Y54:AB54,">0") -> 2 | AH54: 14.095 | AI54: 0 | AJ54: =IF(ISNUMBER(X54),IF(X54>0,"+",IF(X54<0,"−","0")),IF(ISNUMBER(W54),IF(W54>0,"+",IF(W54<0,"−","0")),"yok")) -> − | AK54: =IF(AND(RIGHT(C54,2)<>"12",ISNUMBER(U54),ISNUMBER(V54)),U54-V54,"") -> -22.493 | AL54: =IF(AND(ISNUMBER(AK54),ISNUMBER(V54)),IF(V54<>0,AK54/ABS(V54),""),"") -> -1.7389254 | AM54: =IF(ISNUMBER(AK54),IF(AK54>1,1,0),"") -> 0 | AN54: =IF(ISNUMBER(AK54),IF(AK54>0.05*ABS(V54),1,0),"") -> 0 | AO54: -16.852 | AP54: 16.852 | AQ54: KESİN | AR54: 0 | AS54: 191.768 | AT54: 20.904 | AU54: KESİN | AV54: 12.935 | AW54: =IF(AND(ISNUMBER(AV54),ISNUMBER(AT54)),IF(AT54<>0,AV54/ABS(AT54),""),"") -> 0.61878109 | AX54: 1 | AY54: 0 | AZ54: YTD 2025/09 (+5.6): pozitif değer bölüm toplamına pozitif giriyor | YTD-1 2024/09 (+12.9): pozitif değer bölüm toplamına pozitif giriyor | BA54: 0
A55: BAKAB | B55: Kira anapara | C55: 2026/03 | D55: 1 | E55: 1 | F55: =SUM(G55:M55) -> 1 | G55: 0 | H55: 0 | I55: 0 | J55: 1 | K55: 0 | L55: 0 | M55: 0 | N55: 0 | O55: 1 | P55: 1 | Q55: 0 | R55: 1 | S55: 0 | T55: 5.674 | U55: -4.377 | V55: 4.809 | W55: =IF(RIGHT(C55,2)="12",IF(ISNUMBER(T55),T55,""),IF(COUNT(T55,U55,V55)=3,T55+U55-V55,"")) -> -3.512 | X55: -3.513 | Y55: -13.261 | Z55: 14.095 | AA55: -10.021 | AB55: 5.674 | AC55: 1 | AD55: 0 | AE55: 1 | AF55: 5.674 | AG55: =COUNTIF(Y55:AB55,">0") -> 2 | AH55: 0 | AI55: 14.095 | AJ55: =IF(ISNUMBER(X55),IF(X55>0,"+",IF(X55<0,"−","0")),IF(ISNUMBER(W55),IF(W55>0,"+",IF(W55<0,"−","0")),"yok")) -> − | AK55: =IF(AND(RIGHT(C55,2)<>"12",ISNUMBER(U55),ISNUMBER(V55)),U55-V55,"") -> -9.186 | AL55: =IF(AND(ISNUMBER(AK55),ISNUMBER(V55)),IF(V55<>0,AK55/ABS(V55),""),"") -> -1.9101684 | AM55: =IF(ISNUMBER(AK55),IF(AK55>1,1,0),"") -> 0 | AN55: =IF(ISNUMBER(AK55),IF(AK55>0.05*ABS(V55),1,0),"") -> 0 | AO55: -3.514 | AP55: 3.514 | AQ55: KESİN | AR55: 0 | AS55: 285.429 | AT55: 155.595 | AU55: KESİN | AV55: 5.674 | AW55: =IF(AND(ISNUMBER(AV55),ISNUMBER(AT55)),IF(AT55<>0,AV55/ABS(AT55),""),"") -> 0.036466467 | AX55: 1 | AY55: 0 | AZ55: YTD 2026/03 (+5.7): pozitif değer bölüm toplamına pozitif giriyor | YTD-1 2025/03 (+4.8): pozitif değer bölüm toplamına pozitif giriyor | BA55: 0
A56: BAKAB | B56: Kira anapara | C56: 2026/06 | D56: 1 | E56: 1 | F56: =SUM(G56:M56) -> 1 | G56: 0 | H56: 1 | I56: 0 | J56: 0 | K56: 0 | L56: 0 | M56: 0 | N56: 0 | O56: 0 | P56: 1 | Q56: 1 | R56: 1 | S56: 0 | T56: -8.401 | U56: -4.377 | V56: -8.452 | W56: =IF(RIGHT(C56,2)="12",IF(ISNUMBER(T56),T56,""),IF(COUNT(T56,U56,V56)=3,T56+U56-V56,"")) -> -4.326 | X56: -4.327 | Y56: 14.095 | Z56: -10.021 | AA56: 5.674 | AB56: -14.075 | AC56: 0 | AD56: 0 | AE56: 0 | AF56: 0 | AG56: =COUNTIF(Y56:AB56,">0") -> 2 | AH56: 0 | AI56: 14.095 | AJ56: =IF(ISNUMBER(X56),IF(X56>0,"+",IF(X56<0,"−","0")),IF(ISNUMBER(W56),IF(W56>0,"+",IF(W56<0,"−","0")),"yok")) -> − | AK56: =IF(AND(RIGHT(C56,2)<>"12",ISNUMBER(U56),ISNUMBER(V56)),U56-V56,"") -> 4.075 | AL56: =IF(AND(ISNUMBER(AK56),ISNUMBER(V56)),IF(V56<>0,AK56/ABS(V56),""),"") -> 0.48213441 | AM56: =IF(ISNUMBER(AK56),IF(AK56>1,1,0),"") -> 1 | AN56: =IF(ISNUMBER(AK56),IF(AK56>0.05*ABS(V56),1,0),"") -> 1 | AO56: -4.327 | AP56: 4.327 | AQ56: KESİN | AR56: 0 | AS56: 338.81 | AT56: 204.403 | AU56: KESİN | AV56: 4.075 | AW56: =IF(AND(ISNUMBER(AV56),ISNUMBER(AT56)),IF(AT56<>0,AV56/ABS(AT56),""),"") -> 0.019936107 | AX56: 0 | AY56: 1 | BA56: 0
A57: BAKAB | B57: MDV+MODV alımı | C57: 2025/03 | D57: 1 | E57: 1 | F57: =SUM(G57:M57) -> 1 | G57: 0 | H57: 0 | I57: 0 | J57: 0 | K57: 0 | L57: 0 | M57: 1 | N57: 0 | O57: 0 | P57: 1 | Q57: 0 | R57: 0 | S57: 0 | T57: -43.094 | U57: -195.578 | V57: -115.872 | W57: =IF(RIGHT(C57,2)="12",IF(ISNUMBER(T57),T57,""),IF(COUNT(T57,U57,V57)=3,T57+U57-V57,"")) -> -122.8 | X57: -122.801 | Y57: 15.416 | Z57: -56.197 | AA57: -38.925 | AB57: -43.094 | AC57: 0 | AD57: 0 | AE57: 0 | AF57: 0 | AG57: =COUNTIF(Y57:AB57,">0") -> 1 | AH57: 0 | AI57: 15.416 | AJ57: =IF(ISNUMBER(X57),IF(X57>0,"+",IF(X57<0,"−","0")),IF(ISNUMBER(W57),IF(W57>0,"+",IF(W57<0,"−","0")),"yok")) -> − | AK57: =IF(AND(RIGHT(C57,2)<>"12",ISNUMBER(U57),ISNUMBER(V57)),U57-V57,"") -> -79.706 | AL57: =IF(AND(ISNUMBER(AK57),ISNUMBER(V57)),IF(V57<>0,AK57/ABS(V57),""),"") -> -0.68787973 | AM57: =IF(ISNUMBER(AK57),IF(AK57>1,1,0),"") -> 0 | AN57: =IF(ISNUMBER(AK57),IF(AK57>0.05*ABS(V57),1,0),"") -> 0 | AO57: -122.802 | AP57: 122.802 | AQ57: KESİN | AR57: 0 | AS57: 213.956 | AT57: 80.46 | AU57: KESİN | AV57: 15.416 | AW57: =IF(AND(ISNUMBER(AV57),ISNUMBER(AT57)),IF(AT57<>0,AV57/ABS(AT57),""),"") -> 0.19159831 | AX57: 0 | AY57: 0 | BA57: 0
A58: BALSU | B58: MDV+MODV alımı | C58: 2025/03 | D58: 1 | E58: 1 | F58: =SUM(G58:M58) -> 2 | G58: 0 | H58: 0 | I58: 0 | J58: 0 | K58: 1 | L58: 0 | M58: 1 | N58: 0 | O58: 1 | P58: 1 | Q58: 0 | R58: 0 | S58: 0 | T58: 782.488 | U58: -1059.925 | V58: 107.454 | W58: =IF(RIGHT(C58,2)="12",IF(ISNUMBER(T58),T58,""),IF(COUNT(T58,U58,V58)=3,T58+U58-V58,"")) -> -384.891 | X58: -384.892 | Y58: -453.898 | Z58: 29.729 | AA58: -743.211 | AB58: 782.488 | AC58: 1 | AD58: 0 | AE58: 1 | AF58: 782.488 | AG58: =COUNTIF(Y58:AB58,">0") -> 2 | AH58: 0 | AI58: 29.729 | AJ58: =IF(ISNUMBER(X58),IF(X58>0,"+",IF(X58<0,"−","0")),IF(ISNUMBER(W58),IF(W58>0,"+",IF(W58<0,"−","0")),"yok")) -> − | AK58: =IF(AND(RIGHT(C58,2)<>"12",ISNUMBER(U58),ISNUMBER(V58)),U58-V58,"") -> -1167.379 | AL58: =IF(AND(ISNUMBER(AK58),ISNUMBER(V58)),IF(V58<>0,AK58/ABS(V58),""),"") -> -10.863988 | AM58: =IF(ISNUMBER(AK58),IF(AK58>1,1,0),"") -> 0 | AN58: =IF(ISNUMBER(AK58),IF(AK58>0.05*ABS(V58),1,0),"") -> 0 | AQ58: NULL | AR58: 0 | AU58: NULL | AV58: 782.488 | AW58: =IF(AND(ISNUMBER(AV58),ISNUMBER(AT58)),IF(AT58<>0,AV58/ABS(AT58),""),"") | AX58: 1 | AY58: 0 | AZ58: YTD 2025/03 (+782.5): alım satırı pozitif & satış satırı negatif (satır yer değişimi?) | YTD-1 2024/03 (+107.5): alım satırı pozitif & satış satırı negatif (satır yer değişimi?) | BA58: 0
A59: BALSU | B59: MDV+MODV alımı | C59: 2025/06 | D59: 1 | E59: 1 | F59: =SUM(G59:M59) -> 1 | G59: 0 | H59: 0 | I59: 0 | J59: 0 | K59: 0 | L59: 0 | M59: 1 | N59: 0 | O59: 0 | P59: 1 | Q59: 0 | R59: 0 | S59: 0 | T59: -1143.753 | U59: -1059.925 | V59: -346.443 | W59: =IF(RIGHT(C59,2)="12",IF(ISNUMBER(T59),T59,""),IF(COUNT(T59,U59,V59)=3,T59+U59-V59,"")) -> -1857.235 | X59: -1857.235 | Y59: 29.729 | Z59: -743.211 | AA59: 782.488 | AB59: -1926.242 | AC59: 0 | AD59: 0 | AE59: 0 | AF59: 0 | AG59: =COUNTIF(Y59:AB59,">0") -> 2 | AH59: 0 | AI59: 29.729 | AJ59: =IF(ISNUMBER(X59),IF(X59>0,"+",IF(X59<0,"−","0")),IF(ISNUMBER(W59),IF(W59>0,"+",IF(W59<0,"−","0")),"yok")) -> − | AK59: =IF(AND(RIGHT(C59,2)<>"12",ISNUMBER(U59),ISNUMBER(V59)),U59-V59,"") -> -713.482 | AL59: =IF(AND(ISNUMBER(AK59),ISNUMBER(V59)),IF(V59<>0,AK59/ABS(V59),""),"") -> -2.0594499 | AM59: =IF(ISNUMBER(AK59),IF(AK59>1,1,0),"") -> 0 | AN59: =IF(ISNUMBER(AK59),IF(AK59>0.05*ABS(V59),1,0),"") -> 0 | AO59: -1059.926 | AP59: 1059.926 | AQ59: TÜRETİLMİŞ | AR59: 0 | AS59: -6439.961 | AT59: -7499.887 | AU59: TÜRETİLMİŞ | AV59: 782.488 | AW59: =IF(AND(ISNUMBER(AV59),ISNUMBER(AT59)),IF(AT59<>0,AV59/ABS(AT59),""),"") -> 0.10433331 | AX59: 0 | AY59: 0 | BA59: 0
A60: BANVT | B60: Kira anapara | C60: 2025/03 | D60: 1 | E60: 1 | F60: =SUM(G60:M60) -> 1 | G60: 0 | H60: 0 | I60: 0 | J60: 1 | K60: 0 | L60: 0 | M60: 0 | N60: 0 | O60: 1 | P60: 0 | Q60: 0 | R60: 0 | S60: 0 | T60: -24.502 | U60: -189.457 | V60: 354.31 | W60: =IF(RIGHT(C60,2)="12",IF(ISNUMBER(T60),T60,""),IF(COUNT(T60,U60,V60)=3,T60+U60-V60,"")) -> -568.269 | X60: -568.269 | Y60: -421.075 | Z60: -54.709 | AA60: -67.982 | AB60: -24.502 | AC60: 0 | AD60: 0 | AE60: 1 | AF60: 354.31 | AG60: =COUNTIF(Y60:AB60,">0") -> 0 | AH60: 0 | AI60: 0 | AJ60: =IF(ISNUMBER(X60),IF(X60>0,"+",IF(X60<0,"−","0")),IF(ISNUMBER(W60),IF(W60>0,"+",IF(W60<0,"−","0")),"yok")) -> − | AK60: =IF(AND(RIGHT(C60,2)<>"12",ISNUMBER(U60),ISNUMBER(V60)),U60-V60,"") -> -543.767 | AL60: =IF(AND(ISNUMBER(AK60),ISNUMBER(V60)),IF(V60<>0,AK60/ABS(V60),""),"") -> -1.534721 | AM60: =IF(ISNUMBER(AK60),IF(AK60>1,1,0),"") -> 0 | AN60: =IF(ISNUMBER(AK60),IF(AK60>0.05*ABS(V60),1,0),"") -> 0 | AO60: -568.269 | AP60: 568.269 | AQ60: KESİN | AR60: 0 | AS60: 5988.29 | AT60: 5420.021 | AU60: TÜRETİLMİŞ | AV60: 354.31 | AW60: =IF(AND(ISNUMBER(AV60),ISNUMBER(AT60)),IF(AT60<>0,AV60/ABS(AT60),""),"") -> 0.065370595 | AX60: 1 | AY60: 0 | AZ60: YTD-1 2024/03 (+354.3): pozitif değer bölüm toplamına pozitif giriyor | BA60: 1
A61: BANVT | B61: MDV+MODV alımı | C61: 2025/03 | D61: 1 | E61: 1 | F61: =SUM(G61:M61) -> 3 | G61: 0 | H61: 0 | I61: 1 | J61: 0 | K61: 0 | L61: 1 | M61: 1 | N61: 1 | O61: 0 | P61: 1 | Q61: 0 | R61: 0 | S61: 0 | T61: -22.384 | U61: -104.481 | V61: -446.557 | W61: =IF(RIGHT(C61,2)="12",IF(ISNUMBER(T61),T61,""),IF(COUNT(T61,U61,V61)=3,T61+U61-V61,"")) -> 319.692 | X61: 319.691 | Y61: 412.247 | Z61: -3.859 | AA61: -66.247 | AB61: -22.384 | AC61: 0 | AD61: 0 | AE61: 0 | AF61: 0 | AG61: =COUNTIF(Y61:AB61,">0") -> 1 | AH61: 0 | AI61: 412.247 | AJ61: =IF(ISNUMBER(X61),IF(X61>0,"+",IF(X61<0,"−","0")),IF(ISNUMBER(W61),IF(W61>0,"+",IF(W61<0,"−","0")),"yok")) -> + | AK61: =IF(AND(RIGHT(C61,2)<>"12",ISNUMBER(U61),ISNUMBER(V61)),U61-V61,"") -> 342.076 | AL61: =IF(AND(ISNUMBER(AK61),ISNUMBER(V61)),IF(V61<>0,AK61/ABS(V61),""),"") -> 0.76602987 | AM61: =IF(ISNUMBER(AK61),IF(AK61>1,1,0),"") -> 1 | AN61: =IF(ISNUMBER(AK61),IF(AK61>0.05*ABS(V61),1,0),"") -> 1 | AO61: 319.692 | AP61: 0 | AQ61: KESİN | AR61: 1 | AS61: 5988.29 | AT61: 5420.021 | AU61: TÜRETİLMİŞ | AV61: 342.076 | AW61: =IF(AND(ISNUMBER(AV61),ISNUMBER(AT61)),IF(AT61<>0,AV61/ABS(AT61),""),"") -> 0.063113409 | AX61: 0 | AY61: 1 | BA61: 0
A62: BARMA | B62: Kira anapara | C62: 2025/03 | D62: 1 | E62: 1 | F62: =SUM(G62:M62) -> 1 | G62: 1 | H62: 0 | I62: 0 | J62: 0 | K62: 0 | L62: 0 | M62: 0 | N62: 0 | O62: 0 | P62: 0 | Q62: 0 | R62: 0 | S62: 0 | V62: -0.074 | W62: =IF(RIGHT(C62,2)="12",IF(ISNUMBER(T62),T62,""),IF(COUNT(T62,U62,V62)=3,T62+U62-V62,"")) | AC62: 0 | AD62: 0 | AE62: 0 | AF62: 0 | AG62: =COUNTIF(Y62:AB62,">0") -> 0 | AH62: 0 | AI62: 0 | AJ62: =IF(ISNUMBER(X62),IF(X62>0,"+",IF(X62<0,"−","0")),IF(ISNUMBER(W62),IF(W62>0,"+",IF(W62<0,"−","0")),"yok")) -> yok | AK62: =IF(AND(RIGHT(C62,2)<>"12",ISNUMBER(U62),ISNUMBER(V62)),U62-V62,"") | AL62: =IF(AND(ISNUMBER(AK62),ISNUMBER(V62)),IF(V62<>0,AK62/ABS(V62),""),"") | AM62: =IF(ISNUMBER(AK62),IF(AK62>1,1,0),"") | AN62: =IF(ISNUMBER(AK62),IF(AK62>0.05*ABS(V62),1,0),"") | AO62: 0.075 | AP62: 0 | AQ62: TÜRETİLMİŞ | AR62: 1 | AS62: 2614.872 | AT62: -2268.434 | AU62: TÜRETİLMİŞ | AV62: 0 | AW62: =IF(AND(ISNUMBER(AV62),ISNUMBER(AT62)),IF(AT62<>0,AV62/ABS(AT62),""),"") -> 0 | AX62: 0 | AY62: 0 | BA62: 0
A63: BESLR | B63: Kira anapara | C63: 2025/06 | D63: 1 | E63: 1 | F63: =SUM(G63:M63) -> 1 | G63: 1 | H63: 0 | I63: 0 | J63: 0 | K63: 0 | L63: 0 | M63: 0 | N63: 1 | O63: 0 | P63: 1 | Q63: 1 | R63: 1 | S63: 0 | T63: -54.678 | U63: -70.014 | V63: -133.517 | W63: =IF(RIGHT(C63,2)="12",IF(ISNUMBER(T63),T63,""),IF(COUNT(T63,U63,V63)=3,T63+U63-V63,"")) -> 8.825 | X63: 8.824 | Y63: 19.19 | Z63: 44.312 | AA63: -33.888 | AB63: -20.79 | AC63: 0 | AD63: 0 | AE63: 0 | AF63: 0 | AG63: =COUNTIF(Y63:AB63,">0") -> 2 | AH63: 0 | AI63: 63.502 | AJ63: =IF(ISNUMBER(X63),IF(X63>0,"+",IF(X63<0,"−","0")),IF(ISNUMBER(W63),IF(W63>0,"+",IF(W63<0,"−","0")),"yok")) -> + | AK63: =IF(AND(RIGHT(C63,2)<>"12",ISNUMBER(U63),ISNUMBER(V63)),U63-V63,"") -> 63.503 | AL63: =IF(AND(ISNUMBER(AK63),ISNUMBER(V63)),IF(V63<>0,AK63/ABS(V63),""),"") -> 0.47561734 | AM63: =IF(ISNUMBER(AK63),IF(AK63>1,1,0),"") -> 1 | AN63: =IF(ISNUMBER(AK63),IF(AK63>0.05*ABS(V63),1,0),"") -> 1 | AO63: 8.824 | AP63: 0 | AQ63: KESİN | AR63: 1 | AS63: 2205.467 | AT63: 1610.519 | AU63: KESİN | AV63: 63.503 | AW63: =IF(AND(ISNUMBER(AV63),ISNUMBER(AT63)),IF(AT63<>0,AV63/ABS(AT63),""),"") -> 0.039430146 | AX63: 0 | AY63: 1 | BA63: 0
A64: BESLR | B64: Kira anapara | C64: 2025/09 | D64: 1 | E64: 1 | F64: =SUM(G64:M64) -> 1 | G64: 0 | H64: 1 | I64: 0 | J64: 0 | K64: 0 | L64: 0 | M64: 0 | N64: 0 | O64: 0 | P64: 1 | Q64: 1 | R64: 1 | S64: 0 | T64: -116.45 | U64: -70.014 | V64: -114.327 | W64: =IF(RIGHT(C64,2)="12",IF(ISNUMBER(T64),T64,""),IF(COUNT(T64,U64,V64)=3,T64+U64-V64,"")) -> -72.137 | X64: -72.137 | Y64: 44.312 | Z64: -33.888 | AA64: -20.79 | AB64: -61.771 | AC64: 0 | AD64: 0 | AE64: 0 | AF64: 0 | AG64: =COUNTIF(Y64:AB64,">0") -> 1 | AH64: 0 | AI64: 44.312 | AJ64: =IF(ISNUMBER(X64),IF(X64>0,"+",IF(X64<0,"−","0")),IF(ISNUMBER(W64),IF(W64>0,"+",IF(W64<0,"−","0")),"yok")) -> − | AK64: =IF(AND(RIGHT(C64,2)<>"12",ISNUMBER(U64),ISNUMBER(V64)),U64-V64,"") -> 44.313 | AL64: =IF(AND(ISNUMBER(AK64),ISNUMBER(V64)),IF(V64<>0,AK64/ABS(V64),""),"") -> 0.38759873 | AM64: =IF(ISNUMBER(AK64),IF(AK64>1,1,0),"") -> 1 | AN64: =IF(ISNUMBER(AK64),IF(AK64>0.05*ABS(V64),1,0),"") -> 1 | AO64: -72.138 | AP64: 72.138 | AQ64: KESİN | AR64: 0 | AS64: 546.447 | AT64: -231.592 | AU64: KOŞULLU | AV64: 44.313 | AW64: =IF(AND(ISNUMBER(AV64),ISNUMBER(AT64)),IF(AT64<>0,AV64/ABS(AT64),""),"") -> 0.19134081 | AX64: 0 | AY64: 1 | BA64: 0
A65: BESLR | B65: Kira anapara | C65: 2026/03 | D65: 1 | E65: 1 | F65: =SUM(G65:M65) -> 1 | G65: 0 | H65: 1 | I65: 0 | J65: 0 | K65: 0 | L65: 0 | M65: 0 | N65: 0 | O65: 0 | P65: 1 | Q65: 1 | R65: 1 | S65: 0 | T65: -50.992 | U65: -25.318 | V65: -33.888 | W65: =IF(RIGHT(C65,2)="12",IF(ISNUMBER(T65),T65,""),IF(COUNT(T65,U65,V65)=3,T65+U65-V65,"")) -> -42.422 | X65: -42.422 | Y65: -20.79 | Z65: -61.771 | AA65: 91.132 | AB65: -50.992 | AC65: 0 | AD65: 0 | AE65: 0 | AF65: 0 | AG65: =COUNTIF(Y65:AB65,">0") -> 1 | AH65: 0 | AI65: 91.132 | AJ65: =IF(ISNUMBER(X65),IF(X65>0,"+",IF(X65<0,"−","0")),IF(ISNUMBER(W65),IF(W65>0,"+",IF(W65<0,"−","0")),"yok")) -> − | AK65: =IF(AND(RIGHT(C65,2)<>"12",ISNUMBER(U65),ISNUMBER(V65)),U65-V65,"") -> 8.57 | AL65: =IF(AND(ISNUMBER(AK65),ISNUMBER(V65)),IF(V65<>0,AK65/ABS(V65),""),"") -> 0.25289188 | AM65: =IF(ISNUMBER(AK65),IF(AK65>1,1,0),"") -> 1 | AN65: =IF(ISNUMBER(AK65),IF(AK65>0.05*ABS(V65),1,0),"") -> 1 | AO65: -42.423 | AP65: 42.423 | AQ65: KESİN | AR65: 0 | AS65: -455.226 | AT65: -1430.08 | AU65: KOŞULLU | AV65: 8.57 | AW65: =IF(AND(ISNUMBER(AV65),ISNUMBER(AT65)),IF(AT65<>0,AV65/ABS(AT65),""),"") -> 0.0059926717 | AX65: 0 | AY65: 1 | BA65: 0
A66: BESLR | B66: Kira anapara | C66: 2026/06 | D66: 1 | E66: 1 | F66: =SUM(G66:M66) -> 1 | G66: 0 | H66: 1 | I66: 0 | J66: 0 | K66: 0 | L66: 0 | M66: 0 | N66: 0 | O66: 0 | P66: 1 | Q66: 1 | R66: 1 | S66: 1 | T66: -44.965 | U66: -25.318 | V66: -54.678 | W66: =IF(RIGHT(C66,2)="12",IF(ISNUMBER(T66),T66,""),IF(COUNT(T66,U66,V66)=3,T66+U66-V66,"")) -> -15.605 | X66: -15.605 | Y66: -61.771 | Z66: 91.132 | AA66: -50.992 | AB66: 6.026 | AC66: 0 | AD66: 0 | AE66: 0 | AF66: 0 | AG66: =COUNTIF(Y66:AB66,">0") -> 2 | AH66: 6.026 | AI66: 91.132 | AJ66: =IF(ISNUMBER(X66),IF(X66>0,"+",IF(X66<0,"−","0")),IF(ISNUMBER(W66),IF(W66>0,"+",IF(W66<0,"−","0")),"yok")) -> − | AK66: =IF(AND(RIGHT(C66,2)<>"12",ISNUMBER(U66),ISNUMBER(V66)),U66-V66,"") -> 29.36 | AL66: =IF(AND(ISNUMBER(AK66),ISNUMBER(V66)),IF(V66<>0,AK66/ABS(V66),""),"") -> 0.53696185 | AM66: =IF(ISNUMBER(AK66),IF(AK66>1,1,0),"") -> 1 | AN66: =IF(ISNUMBER(AK66),IF(AK66>0.05*ABS(V66),1,0),"") -> 1 | AO66: -15.605 | AP66: 15.605 | AQ66: KESİN | AR66: 0 | AS66: 336.817 | AT66: -733.385 | AU66: KOŞULLU | AV66: 29.36 | AW66: =IF(AND(ISNUMBER(AV66),ISNUMBER(AT66)),IF(AT66<>0,AV66/ABS(AT66),""),"") -> 0.040033543 | AX66: 0 | AY66: 1 | BA66: 0
A67: BESLR | B67: MDV+MODV alımı | C67: 2025/03 | D67: 1 | E67: 1 | F67: =SUM(G67:M67) -> 1 | G67: 0 | H67: 0 | I67: 0 | J67: 0 | K67: 0 | L67: 0 | M67: 1 | N67: 0 | O67: 0 | P67: 1 | Q67: 0 | R67: 0 | S67: 0 | T67: -45.092 | U67: -698.319 | V67: -285.48 | W67: =IF(RIGHT(C67,2)="12",IF(ISNUMBER(T67),T67,""),IF(COUNT(T67,U67,V67)=3,T67+U67-V67,"")) -> -457.931 | X67: -457.931 | Y67: 23.73 | Z67: -93.746 | AA67: -342.823 | AB67: -45.092 | AC67: 0 | AD67: 0 | AE67: 0 | AF67: 0 | AG67: =COUNTIF(Y67:AB67,">0") -> 1 | AH67: 0 | AI67: 23.73 | AJ67: =IF(ISNUMBER(X67),IF(X67>0,"+",IF(X67<0,"−","0")),IF(ISNUMBER(W67),IF(W67>0,"+",IF(W67<0,"−","0")),"yok")) -> − | AK67: =IF(AND(RIGHT(C67,2)<>"12",ISNUMBER(U67),ISNUMBER(V67)),U67-V67,"") -> -412.839 | AL67: =IF(AND(ISNUMBER(AK67),ISNUMBER(V67)),IF(V67<>0,AK67/ABS(V67),""),"") -> -1.4461223 | AM67: =IF(ISNUMBER(AK67),IF(AK67>1,1,0),"") -> 0 | AN67: =IF(ISNUMBER(AK67),IF(AK67>0.05*ABS(V67),1,0),"") -> 0 | AO67: -457.931 | AP67: 457.931 | AQ67: KESİN | AR67: 0 | AS67: 2193.303 | AT67: 1691.625 | AU67: KESİN | AV67: 23.73 | AW67: =IF(AND(ISNUMBER(AV67),ISNUMBER(AT67)),IF(AT67<>0,AV67/ABS(AT67),""),"") -> 0.014027932 | AX67: 0 | AY67: 0 | BA67: 0
A68: BESTE | B68: Kira anapara | C68: 2026/03 | D68: 1 | E68: 1 | F68: =SUM(G68:M68) -> 1 | G68: 0 | H68: 0 | I68: 0 | J68: 1 | K68: 0 | L68: 0 | M68: 0 | N68: 0 | O68: 1 | P68: 1 | Q68: 0 | R68: 1 | S68: 0 | T68: -2.293 | U68: -3.247 | V68: 3.648 | W68: =IF(RIGHT(C68,2)="12",IF(ISNUMBER(T68),T68,""),IF(COUNT(T68,U68,V68)=3,T68+U68-V68,"")) -> -9.188 | X68: -9.189 | Y68: 15.3 | AB68: -2.293 | AC68: 0 | AD68: 0 | AE68: 1 | AF68: 3.648 | AG68: =COUNTIF(Y68:AB68,">0") -> 1 | AH68: 0 | AI68: 15.3 | AJ68: =IF(ISNUMBER(X68),IF(X68>0,"+",IF(X68<0,"−","0")),IF(ISNUMBER(W68),IF(W68>0,"+",IF(W68<0,"−","0")),"yok")) -> − | AK68: =IF(AND(RIGHT(C68,2)<>"12",ISNUMBER(U68),ISNUMBER(V68)),U68-V68,"") -> -6.895 | AL68: =IF(AND(ISNUMBER(AK68),ISNUMBER(V68)),IF(V68<>0,AK68/ABS(V68),""),"") -> -1.8900768 | AM68: =IF(ISNUMBER(AK68),IF(AK68>1,1,0),"") -> 0 | AN68: =IF(ISNUMBER(AK68),IF(AK68>0.05*ABS(V68),1,0),"") -> 0 | AQ68: NULL | AR68: 0 | AS68: 249.428 | AU68: NULL | AV68: 3.648 | AW68: =IF(AND(ISNUMBER(AV68),ISNUMBER(AT68)),IF(AT68<>0,AV68/ABS(AT68),""),"") | AX68: 1 | AY68: 0 | AZ68: YTD-1 2025/03 (+3.6): pozitif değer bölüm toplamına pozitif giriyor | BA68: 0
A69: BESTE | B69: Kira anapara | C69: 2026/06 | D69: 1 | E69: 1 | F69: =SUM(G69:M69) -> 1 | G69: 0 | H69: 0 | I69: 0 | J69: 1 | K69: 0 | L69: 0 | M69: 0 | N69: 0 | O69: 1 | P69: 1 | Q69: 0 | R69: 0 | S69: 1 | T69: -0.463 | U69: -3.247 | V69: 18.949 | W69: =IF(RIGHT(C69,2)="12",IF(ISNUMBER(T69),T69,""),IF(COUNT(T69,U69,V69)=3,T69+U69-V69,"")) -> -22.659 | X69: -22.66 | AA69: -2.293 | AB69: 1.829 | AC69: 0 | AD69: 0 | AE69: 1 | AF69: 18.949 | AG69: =COUNTIF(Y69:AB69,">0") -> 1 | AH69: 1.829 | AI69: 0 | AJ69: =IF(ISNUMBER(X69),IF(X69>0,"+",IF(X69<0,"−","0")),IF(ISNUMBER(W69),IF(W69>0,"+",IF(W69<0,"−","0")),"yok")) -> − | AK69: =IF(AND(RIGHT(C69,2)<>"12",ISNUMBER(U69),ISNUMBER(V69)),U69-V69,"") -> -22.196 | AL69: =IF(AND(ISNUMBER(AK69),ISNUMBER(V69)),IF(V69<>0,AK69/ABS(V69),""),"") -> -1.1713547 | AM69: =IF(ISNUMBER(AK69),IF(AK69>1,1,0),"") -> 0 | AN69: =IF(ISNUMBER(AK69),IF(AK69>0.05*ABS(V69),1,0),"") -> 0 | AQ69: NULL | AR69: 0 | AS69: 232.069 | AU69: NULL | AV69: 18.949 | AW69: =IF(AND(ISNUMBER(AV69),ISNUMBER(AT69)),IF(AT69<>0,AV69/ABS(AT69),""),"") | AX69: 1 | AY69: 0 | AZ69: YTD-1 2025/06 (+18.9): pozitif değer bölüm toplamına pozitif giriyor | BA69: 0
A70: BIENY | B70: Kira anapara | C70: 2026/03 | D70: 1 | E70: 1 | F70: =SUM(G70:M70) -> 1 | G70: 1 | H70: 0 | I70: 0 | J70: 0 | K70: 0 | L70: 0 | M70: 0 | N70: 1 | O70: 0 | P70: 1 | Q70: 1 | R70: 1 | S70: 0 | T70: -11.022 | U70: -25.904 | V70: -86.919 | W70: =IF(RIGHT(C70,2)="12",IF(ISNUMBER(T70),T70,""),IF(COUNT(T70,U70,V70)=3,T70+U70-V70,"")) -> 49.993 | X70: 49.992 | Y70: 71.611 | Z70: -12.22 | AA70: 1.623 | AB70: -11.022 | AC70: 0 | AD70: 0 | AE70: 0 | AF70: 0 | AG70: =COUNTIF(Y70:AB70,">0") -> 2 | AH70: 0 | AI70: 73.234 | AJ70: =IF(ISNUMBER(X70),IF(X70>0,"+",IF(X70<0,"−","0")),IF(ISNUMBER(W70),IF(W70>0,"+",IF(W70<0,"−","0")),"yok")) -> + | AK70: =IF(AND(RIGHT(C70,2)<>"12",ISNUMBER(U70),ISNUMBER(V70)),U70-V70,"") -> 61.015 | AL70: =IF(AND(ISNUMBER(AK70),ISNUMBER(V70)),IF(V70<>0,AK70/ABS(V70),""),"") -> 0.7019754 | AM70: =IF(ISNUMBER(AK70),IF(AK70>1,1,0),"") -> 1 | AN70: =IF(ISNUMBER(AK70),IF(AK70>0.05*ABS(V70),1,0),"") -> 1 | AO70: 49.993 | AP70: 0 | AQ70: KESİN | AR70: 1 | AS70: 2629.875 | AT70: -234.502 | AU70: KESİN | AV70: 61.015 | AW70: =IF(AND(ISNUMBER(AV70),ISNUMBER(AT70)),IF(AT70<>0,AV70/ABS(AT70),""),"") -> 0.26018968 | AX70: 0 | AY70: 1 | BA70: 0
A71: BIGEN | B71: MDV+MODV alımı | C71: 2026/03 | D71: 1 | E71: 1 | F71: =SUM(G71:M71) -> 1 | G71: 0 | H71: 0 | I71: 0 | J71: 0 | K71: 0 | L71: 0 | M71: 1 | N71: 0 | O71: 0 | P71: 1 | Q71: 0 | R71: 0 | S71: 0 | T71: -4.009 | U71: -581.734 | V71: -82.405 | W71: =IF(RIGHT(C71,2)="12",IF(ISNUMBER(T71),T71,""),IF(COUNT(T71,U71,V71)=3,T71+U71-V71,"")) -> -503.338 | X71: -503.338 | Y71: 6.545 | Z71: -36.188 | AA71: -469.684 | AB71: -4.009 | AC71: 0 | AD71: 0 | AE71: 0 | AF71: 0 | AG71: =COUNTIF(Y71:AB71,">0") -> 1 | AH71: 0 | AI71: 6.545 | AJ71: =IF(ISNUMBER(X71),IF(X71>0,"+",IF(X71<0,"−","0")),IF(ISNUMBER(W71),IF(W71>0,"+",IF(W71<0,"−","0")),"yok")) -> − | AK71: =IF(AND(RIGHT(C71,2)<>"12",ISNUMBER(U71),ISNUMBER(V71)),U71-V71,"") -> -499.329 | AL71: =IF(AND(ISNUMBER(AK71),ISNUMBER(V71)),IF(V71<>0,AK71/ABS(V71),""),"") -> -6.0594503 | AM71: =IF(ISNUMBER(AK71),IF(AK71>1,1,0),"") -> 0 | AN71: =IF(ISNUMBER(AK71),IF(AK71>0.05*ABS(V71),1,0),"") -> 0 | AO71: -503.338 | AP71: 503.338 | AQ71: KESİN | AR71: 0 | AS71: 609.2 | AT71: 105.862 | AU71: KESİN | AV71: 6.545 | AW71: =IF(AND(ISNUMBER(AV71),ISNUMBER(AT71)),IF(AT71<>0,AV71/ABS(AT71),""),"") -> 0.061825773 | AX71: 0 | AY71: 0 | BA71: 0
A72: BINBN | B72: MDV+MODV alımı | C72: 2025/03 | D72: 1 | E72: 1 | F72: =SUM(G72:M72) -> 1 | G72: 0 | H72: 0 | I72: 0 | J72: 0 | K72: 0 | L72: 0 | M72: 1 | N72: 0 | O72: 0 | P72: 1 | Q72: 0 | R72: 0 | S72: 0 | T72: -27.394 | U72: -62.805 | V72: -8.879 | W72: =IF(RIGHT(C72,2)="12",IF(ISNUMBER(T72),T72,""),IF(COUNT(T72,U72,V72)=3,T72+U72-V72,"")) -> -81.32 | X72: -81.321 | Y72: -32.316 | Z72: -51.81 | AA72: 30.2 | AB72: -27.394 | AC72: 0 | AD72: 0 | AE72: 0 | AF72: 0 | AG72: =COUNTIF(Y72:AB72,">0") -> 1 | AH72: 0 | AI72: 30.2 | AJ72: =IF(ISNUMBER(X72),IF(X72>0,"+",IF(X72<0,"−","0")),IF(ISNUMBER(W72),IF(W72>0,"+",IF(W72<0,"−","0")),"yok")) -> − | AK72: =IF(AND(RIGHT(C72,2)<>"12",ISNUMBER(U72),ISNUMBER(V72)),U72-V72,"") -> -53.926 | AL72: =IF(AND(ISNUMBER(AK72),ISNUMBER(V72)),IF(V72<>0,AK72/ABS(V72),""),"") -> -6.0734317 | AM72: =IF(ISNUMBER(AK72),IF(AK72>1,1,0),"") -> 0 | AN72: =IF(ISNUMBER(AK72),IF(AK72>0.05*ABS(V72),1,0),"") -> 0 | AO72: -81.321 | AP72: 81.321 | AQ72: KESİN | AR72: 0 | AS72: -722.23 | AU72: NULL | AV72: 30.2 | AW72: =IF(AND(ISNUMBER(AV72),ISNUMBER(AT72)),IF(AT72<>0,AV72/ABS(AT72),""),"") | AX72: 0 | AY72: 0 | BA72: 0
A73: BINBN | B73: MDV+MODV alımı | C73: 2025/06 | D73: 1 | E73: 1 | F73: =SUM(G73:M73) -> 1 | G73: 0 | H73: 0 | I73: 0 | J73: 0 | K73: 0 | L73: 0 | M73: 1 | N73: 0 | O73: 0 | P73: 1 | Q73: 0 | R73: 0 | S73: 1 | T73: -26.102 | U73: -62.805 | V73: -41.196 | W73: =IF(RIGHT(C73,2)="12",IF(ISNUMBER(T73),T73,""),IF(COUNT(T73,U73,V73)=3,T73+U73-V73,"")) -> -47.711 | X73: -47.712 | Y73: -51.81 | Z73: 30.2 | AA73: -27.394 | AB73: 1.292 | AC73: 0 | AD73: 0 | AE73: 0 | AF73: 0 | AG73: =COUNTIF(Y73:AB73,">0") -> 2 | AH73: 1.292 | AI73: 30.2 | AJ73: =IF(ISNUMBER(X73),IF(X73>0,"+",IF(X73<0,"−","0")),IF(ISNUMBER(W73),IF(W73>0,"+",IF(W73<0,"−","0")),"yok")) -> − | AK73: =IF(AND(RIGHT(C73,2)<>"12",ISNUMBER(U73),ISNUMBER(V73)),U73-V73,"") -> -21.609 | AL73: =IF(AND(ISNUMBER(AK73),ISNUMBER(V73)),IF(V73<>0,AK73/ABS(V73),""),"") -> -0.52454122 | AM73: =IF(ISNUMBER(AK73),IF(AK73>1,1,0),"") -> 0 | AN73: =IF(ISNUMBER(AK73),IF(AK73>0.05*ABS(V73),1,0),"") -> 0 | AO73: -47.713 | AP73: 47.713 | AQ73: KESİN | AR73: 0 | AS73: -1400.866 | AU73: NULL | AV73: 30.2 | AW73: =IF(AND(ISNUMBER(AV73),ISNUMBER(AT73)),IF(AT73<>0,AV73/ABS(AT73),""),"") | AX73: 0 | AY73: 0 | BA73: 0
A74: BINBN | B74: MDV+MODV alımı | C74: 2025/09 | D74: 1 | E74: 1 | F74: =SUM(G74:M74) -> 2 | G74: 0 | H74: 0 | I74: 0 | J74: 0 | K74: 0 | L74: 1 | M74: 1 | N74: 0 | O74: 0 | P74: 1 | Q74: 0 | R74: 0 | S74: 1 | T74: -58.105 | U74: -62.805 | V74: -93.006 | W74: =IF(RIGHT(C74,2)="12",IF(ISNUMBER(T74),T74,""),IF(COUNT(T74,U74,V74)=3,T74+U74-V74,"")) -> -27.904 | X74: -27.904 | Y74: 30.2 | Z74: -27.394 | AA74: 1.292 | AB74: -32.002 | AC74: 0 | AD74: 0 | AE74: 0 | AF74: 0 | AG74: =COUNTIF(Y74:AB74,">0") -> 2 | AH74: 1.292 | AI74: 30.2 | AJ74: =IF(ISNUMBER(X74),IF(X74>0,"+",IF(X74<0,"−","0")),IF(ISNUMBER(W74),IF(W74>0,"+",IF(W74<0,"−","0")),"yok")) -> − | AK74: =IF(AND(RIGHT(C74,2)<>"12",ISNUMBER(U74),ISNUMBER(V74)),U74-V74,"") -> 30.201 | AL74: =IF(AND(ISNUMBER(AK74),ISNUMBER(V74)),IF(V74<>0,AK74/ABS(V74),""),"") -> 0.32472099 | AM74: =IF(ISNUMBER(AK74),IF(AK74>1,1,0),"") -> 1 | AN74: =IF(ISNUMBER(AK74),IF(AK74>0.05*ABS(V74),1,0),"") -> 1 | AO74: -27.905 | AP74: 27.905 | AQ74: KESİN | AR74: 0 | AS74: -966.447 | AU74: NULL | AV74: 30.201 | AW74: =IF(AND(ISNUMBER(AV74),ISNUMBER(AT74)),IF(AT74<>0,AV74/ABS(AT74),""),"") | AX74: 0 | AY74: 1 | BA74: 0
A75: BIOEN | B75: MDV+MODV alımı | C75: 2026/03 | D75: 1 | E75: 1 | F75: =SUM(G75:M75) -> 1 | G75: 0 | H75: 0 | I75: 0 | J75: 0 | K75: 0 | L75: 0 | M75: 1 | N75: 0 | O75: 0 | P75: 1 | Q75: 0 | R75: 0 | S75: 0 | T75: -59.933 | U75: -681.541 | V75: -142.558 | W75: =IF(RIGHT(C75,2)="12",IF(ISNUMBER(T75),T75,""),IF(COUNT(T75,U75,V75)=3,T75+U75-V75,"")) -> -598.916 | X75: -598.916 | Y75: 8.077 | Z75: -436.895 | AA75: -110.164 | AB75: -59.933 | AC75: 0 | AD75: 0 | AE75: 0 | AF75: 0 | AG75: =COUNTIF(Y75:AB75,">0") -> 1 | AH75: 0 | AI75: 8.077 | AJ75: =IF(ISNUMBER(X75),IF(X75>0,"+",IF(X75<0,"−","0")),IF(ISNUMBER(W75),IF(W75>0,"+",IF(W75<0,"−","0")),"yok")) -> − | AK75: =IF(AND(RIGHT(C75,2)<>"12",ISNUMBER(U75),ISNUMBER(V75)),U75-V75,"") -> -538.983 | AL75: =IF(AND(ISNUMBER(AK75),ISNUMBER(V75)),IF(V75<>0,AK75/ABS(V75),""),"") -> -3.780798 | AM75: =IF(ISNUMBER(AK75),IF(AK75>1,1,0),"") -> 0 | AN75: =IF(ISNUMBER(AK75),IF(AK75>0.05*ABS(V75),1,0),"") -> 0 | AO75: -598.916 | AP75: 598.916 | AQ75: KESİN | AR75: 0 | AS75: 549.362 | AU75: NULL | AV75: 8.077 | AW75: =IF(AND(ISNUMBER(AV75),ISNUMBER(AT75)),IF(AT75<>0,AV75/ABS(AT75),""),"") | AX75: 0 | AY75: 0 | BA75: 0
A76: BIZIM | B76: MDV+MODV alımı | C76: 2026/03 | D76: 1 | E76: 1 | F76: =SUM(G76:M76) -> 1 | G76: 0 | H76: 0 | I76: 0 | J76: 0 | K76: 0 | L76: 0 | M76: 1 | N76: 0 | O76: 0 | P76: 1 | Q76: 0 | R76: 0 | S76: 0 | T76: -11.162 | U76: -241.579 | V76: -85.343 | W76: =IF(RIGHT(C76,2)="12",IF(ISNUMBER(T76),T76,""),IF(COUNT(T76,U76,V76)=3,T76+U76-V76,"")) -> -167.398 | X76: -167.399 | Y76: 20.492 | Z76: -116.28 | AA76: -60.449 | AB76: -11.162 | AC76: 0 | AD76: 0 | AE76: 0 | AF76: 0 | AG76: =COUNTIF(Y76:AB76,">0") -> 1 | AH76: 0 | AI76: 20.492 | AJ76: =IF(ISNUMBER(X76),IF(X76>0,"+",IF(X76<0,"−","0")),IF(ISNUMBER(W76),IF(W76>0,"+",IF(W76<0,"−","0")),"yok")) -> − | AK76: =IF(AND(RIGHT(C76,2)<>"12",ISNUMBER(U76),ISNUMBER(V76)),U76-V76,"") -> -156.236 | AL76: =IF(AND(ISNUMBER(AK76),ISNUMBER(V76)),IF(V76<>0,AK76/ABS(V76),""),"") -> -1.8306832 | AM76: =IF(ISNUMBER(AK76),IF(AK76>1,1,0),"") -> 0 | AN76: =IF(ISNUMBER(AK76),IF(AK76>0.05*ABS(V76),1,0),"") -> 0 | AO76: -167.4 | AP76: 167.4 | AQ76: KESİN | AR76: 0 | AS76: 2412.326 | AU76: NULL | AV76: 20.492 | AW76: =IF(AND(ISNUMBER(AV76),ISNUMBER(AT76)),IF(AT76<>0,AV76/ABS(AT76),""),"") | AX76: 0 | AY76: 0 | BA76: 0
A77: BLCYT | B77: YAGM alımı | C77: 2026/03 | D77: 1 | E77: 1 | F77: =SUM(G77:M77) -> 1 | G77: 0 | H77: 0 | I77: 0 | J77: 0 | K77: 0 | L77: 0 | M77: 1 | N77: 0 | O77: 0 | P77: 1 | Q77: 0 | R77: 0 | S77: 0 | U77: -581.084 | W77: =IF(RIGHT(C77,2)="12",IF(ISNUMBER(T77),T77,""),IF(COUNT(T77,U77,V77)=3,T77+U77-V77,"")) | Z77: 14.773 | AA77: -326.14 | AC77: 0 | AD77: 0 | AE77: 0 | AF77: 0 | AG77: =COUNTIF(Y77:AB77,">0") -> 1 | AH77: 0 | AI77: 14.773 | AJ77: =IF(ISNUMBER(X77),IF(X77>0,"+",IF(X77<0,"−","0")),IF(ISNUMBER(W77),IF(W77>0,"+",IF(W77<0,"−","0")),"yok")) -> yok | AK77: =IF(AND(RIGHT(C77,2)<>"12",ISNUMBER(U77),ISNUMBER(V77)),U77-V77,"") | AL77: =IF(AND(ISNUMBER(AK77),ISNUMBER(V77)),IF(V77<>0,AK77/ABS(V77),""),"") | AM77: =IF(ISNUMBER(AK77),IF(AK77>1,1,0),"") | AN77: =IF(ISNUMBER(AK77),IF(AK77>0.05*ABS(V77),1,0),"") | AQ77: NULL | AR77: 0 | AS77: 732.005 | AU77: NULL | AV77: 14.773 | AW77: =IF(AND(ISNUMBER(AV77),ISNUMBER(AT77)),IF(AT77<>0,AV77/ABS(AT77),""),"") | AX77: 0 | AY77: 0 | BA77: 0
A78: BLCYT | B78: YAGM alımı | C78: 2026/06 | D78: 1 | E78: 1 | F78: =SUM(G78:M78) -> 1 | G78: 0 | H78: 0 | I78: 0 | J78: 0 | K78: 0 | L78: 0 | M78: 1 | N78: 0 | O78: 0 | P78: 1 | Q78: 0 | R78: 0 | S78: 0 | U78: -581.084 | V78: -269.718 | W78: =IF(RIGHT(C78,2)="12",IF(ISNUMBER(T78),T78,""),IF(COUNT(T78,U78,V78)=3,T78+U78-V78,"")) | Y78: 14.773 | Z78: -326.14 | AC78: 0 | AD78: 0 | AE78: 0 | AF78: 0 | AG78: =COUNTIF(Y78:AB78,">0") -> 1 | AH78: 0 | AI78: 14.773 | AJ78: =IF(ISNUMBER(X78),IF(X78>0,"+",IF(X78<0,"−","0")),IF(ISNUMBER(W78),IF(W78>0,"+",IF(W78<0,"−","0")),"yok")) -> yok | AK78: =IF(AND(RIGHT(C78,2)<>"12",ISNUMBER(U78),ISNUMBER(V78)),U78-V78,"") -> -311.366 | AL78: =IF(AND(ISNUMBER(AK78),ISNUMBER(V78)),IF(V78<>0,AK78/ABS(V78),""),"") -> -1.1544131 | AM78: =IF(ISNUMBER(AK78),IF(AK78>1,1,0),"") -> 0 | AN78: =IF(ISNUMBER(AK78),IF(AK78>0.05*ABS(V78),1,0),"") -> 0 | AQ78: NULL | AR78: 0 | AS78: 417.346 | AU78: NULL | AV78: 14.773 | AW78: =IF(AND(ISNUMBER(AV78),ISNUMBER(AT78)),IF(AT78<>0,AV78/ABS(AT78),""),"") | AX78: 0 | AY78: 0 | BA78: 0
A79: BLUME | B79: MDV+MODV alımı | C79: 2025/03 | D79: 1 | E79: 1 | F79: =SUM(G79:M79) -> 1 | G79: 0 | H79: 0 | I79: 0 | J79: 0 | K79: 1 | L79: 0 | M79: 0 | N79: 0 | O79: 1 | P79: 0 | Q79: 0 | R79: 0 | S79: 0 | T79: -2.695 | U79: -16.644 | V79: 1.256 | W79: =IF(RIGHT(C79,2)="12",IF(ISNUMBER(T79),T79,""),IF(COUNT(T79,U79,V79)=3,T79+U79-V79,"")) -> -20.595 | X79: -20.596 | Y79: -0.498 | Z79: -6.752 | AA79: -10.649 | AB79: -2.695 | AC79: 0 | AD79: 0 | AE79: 1 | AF79: 1.256 | AG79: =COUNTIF(Y79:AB79,">0") -> 0 | AH79: 0 | AI79: 0 | AJ79: =IF(ISNUMBER(X79),IF(X79>0,"+",IF(X79<0,"−","0")),IF(ISNUMBER(W79),IF(W79>0,"+",IF(W79<0,"−","0")),"yok")) -> − | AK79: =IF(AND(RIGHT(C79,2)<>"12",ISNUMBER(U79),ISNUMBER(V79)),U79-V79,"") -> -17.9 | AL79: =IF(AND(ISNUMBER(AK79),ISNUMBER(V79)),IF(V79<>0,AK79/ABS(V79),""),"") -> -14.251592 | AM79: =IF(ISNUMBER(AK79),IF(AK79>1,1,0),"") -> 0 | AN79: =IF(ISNUMBER(AK79),IF(AK79>0.05*ABS(V79),1,0),"") -> 0 | AO79: -20.597 | AP79: 20.597 | AQ79: KESİN | AR79: 0 | AS79: 74.168 | AT79: 51.914 | AU79: TÜRETİLMİŞ | AV79: 1.256 | AW79: =IF(AND(ISNUMBER(AV79),ISNUMBER(AT79)),IF(AT79<>0,AV79/ABS(AT79),""),"") -> 0.024193859 | AX79: 1 | AY79: 0 | AZ79: YTD-1 2024/03 (+1.3): kalem = yatırım bölüm toplamı | BA79: 0
A80: BLUME | B80: MDV+MODV alımı | C80: 2025/06 | D80: 1 | E80: 1 | F80: =SUM(G80:M80) -> 1 | G80: 0 | H80: 0 | I80: 0 | J80: 0 | K80: 1 | L80: 0 | M80: 0 | N80: 0 | O80: 1 | P80: 0 | Q80: 0 | R80: 0 | S80: 0 | T80: -2.836 | U80: -16.644 | V80: 0.758 | W80: =IF(RIGHT(C80,2)="12",IF(ISNUMBER(T80),T80,""),IF(COUNT(T80,U80,V80)=3,T80+U80-V80,"")) -> -20.238 | X80: -20.238 | Y80: -6.752 | Z80: -10.649 | AA80: -2.695 | AB80: -0.14 | AC80: 0 | AD80: 0 | AE80: 1 | AF80: 0.758 | AG80: =COUNTIF(Y80:AB80,">0") -> 0 | AH80: 0 | AI80: 0 | AJ80: =IF(ISNUMBER(X80),IF(X80>0,"+",IF(X80<0,"−","0")),IF(ISNUMBER(W80),IF(W80>0,"+",IF(W80<0,"−","0")),"yok")) -> − | AK80: =IF(AND(RIGHT(C80,2)<>"12",ISNUMBER(U80),ISNUMBER(V80)),U80-V80,"") -> -17.402 | AL80: =IF(AND(ISNUMBER(AK80),ISNUMBER(V80)),IF(V80<>0,AK80/ABS(V80),""),"") -> -22.957784 | AM80: =IF(ISNUMBER(AK80),IF(AK80>1,1,0),"") -> 0 | AN80: =IF(ISNUMBER(AK80),IF(AK80>0.05*ABS(V80),1,0),"") -> 0 | AO80: -20.238 | AP80: 20.238 | AQ80: KESİN | AR80: 0 | AS80: 136.359 | AT80: 114.687 | AU80: TÜRETİLMİŞ | AV80: 0.758 | AW80: =IF(AND(ISNUMBER(AV80),ISNUMBER(AT80)),IF(AT80<>0,AV80/ABS(AT80),""),"") -> 0.0066092931 | AX80: 1 | AY80: 0 | AZ80: YTD-1 2024/06 (+0.8): pozitif değer bölüm toplamına pozitif giriyor | BA80: 0
A81: BOBET | B81: Kira anapara | C81: 2025/03 | D81: 1 | E81: 1 | F81: =SUM(G81:M81) -> 2 | G81: 0 | H81: 1 | I81: 0 | J81: 1 | K81: 0 | L81: 0 | M81: 0 | N81: 0 | O81: 1 | P81: 1 | Q81: 1 | R81: 1 | S81: 0 | T81: -53.889 | U81: 44.429 | V81: -3.151 | W81: =IF(RIGHT(C81,2)="12",IF(ISNUMBER(T81),T81,""),IF(COUNT(T81,U81,V81)=3,T81+U81-V81,"")) -> -6.309 | X81: -6.307 | Y81: 16.031 | Z81: 12.182 | AA81: 19.367 | AB81: -53.889 | AC81: 0 | AD81: 1 | AE81: 0 | AF81: 44.429 | AG81: =COUNTIF(Y81:AB81,">0") -> 3 | AH81: 0 | AI81: 47.58 | AJ81: =IF(ISNUMBER(X81),IF(X81>0,"+",IF(X81<0,"−","0")),IF(ISNUMBER(W81),IF(W81>0,"+",IF(W81<0,"−","0")),"yok")) -> − | AK81: =IF(AND(RIGHT(C81,2)<>"12",ISNUMBER(U81),ISNUMBER(V81)),U81-V81,"") -> 47.58 | AL81: =IF(AND(ISNUMBER(AK81),ISNUMBER(V81)),IF(V81<>0,AK81/ABS(V81),""),"") -> 15.099968 | AM81: =IF(ISNUMBER(AK81),IF(AK81>1,1,0),"") -> 1 | AN81: =IF(ISNUMBER(AK81),IF(AK81>0.05*ABS(V81),1,0),"") -> 1 | AO81: -6.308 | AP81: 6.308 | AQ81: KESİN | AR81: 0 | AS81: 563.812 | AT81: -2156.819 | AU81: KOŞULLU | AV81: 44.429 | AW81: =IF(AND(ISNUMBER(AV81),ISNUMBER(AT81)),IF(AT81<>0,AV81/ABS(AT81),""),"") -> 0.020599318 | AX81: 1 | AY81: 0 | AZ81: FY-1 2024/12 (+44.4): pozitif değer bölüm toplamına pozitif giriyor | BA81: 0
A82: BOBET | B82: Kira anapara | C82: 2025/06 | D82: 1 | E82: 1 | F82: =SUM(G82:M82) -> 2 | G82: 0 | H82: 1 | I82: 0 | J82: 1 | K82: 0 | L82: 0 | M82: 0 | N82: 0 | O82: 1 | P82: 1 | Q82: 1 | R82: 1 | S82: 0 | T82: -93.299 | U82: 44.429 | V82: 12.879 | W82: =IF(RIGHT(C82,2)="12",IF(ISNUMBER(T82),T82,""),IF(COUNT(T82,U82,V82)=3,T82+U82-V82,"")) -> -61.749 | X82: -61.749 | Y82: 12.182 | Z82: 19.367 | AA82: -53.889 | AB82: -39.409 | AC82: 0 | AD82: 1 | AE82: 1 | AF82: 44.429 | AG82: =COUNTIF(Y82:AB82,">0") -> 2 | AH82: 0 | AI82: 31.549 | AJ82: =IF(ISNUMBER(X82),IF(X82>0,"+",IF(X82<0,"−","0")),IF(ISNUMBER(W82),IF(W82>0,"+",IF(W82<0,"−","0")),"yok")) -> − | AK82: =IF(AND(RIGHT(C82,2)<>"12",ISNUMBER(U82),ISNUMBER(V82)),U82-V82,"") -> 31.55 | AL82: =IF(AND(ISNUMBER(AK82),ISNUMBER(V82)),IF(V82<>0,AK82/ABS(V82),""),"") -> 2.4497244 | AM82: =IF(ISNUMBER(AK82),IF(AK82>1,1,0),"") -> 1 | AN82: =IF(ISNUMBER(AK82),IF(AK82>0.05*ABS(V82),1,0),"") -> 1 | AO82: -61.749 | AP82: 61.749 | AQ82: KESİN | AR82: 0 | AS82: 1742.859 | AT82: -1121.749 | AU82: KOŞULLU | AV82: 44.429 | AW82: =IF(AND(ISNUMBER(AV82),ISNUMBER(AT82)),IF(AT82<>0,AV82/ABS(AT82),""),"") -> 0.0396069 | AX82: 1 | AY82: 0 | AZ82: FY-1 2024/12 (+44.4): pozitif değer bölüm toplamına pozitif giriyor | YTD-1 2024/06 (+12.9): pozitif değer bölüm toplamına pozitif giriyor | BA82: 0
A83: BOBET | B83: Kira anapara | C83: 2025/09 | D83: 1 | E83: 1 | F83: =SUM(G83:M83) -> 2 | G83: 0 | H83: 1 | I83: 0 | J83: 1 | K83: 0 | L83: 0 | M83: 0 | N83: 0 | O83: 1 | P83: 1 | Q83: 1 | R83: 1 | S83: 0 | T83: -125.953 | U83: 44.429 | V83: 25.062 | W83: =IF(RIGHT(C83,2)="12",IF(ISNUMBER(T83),T83,""),IF(COUNT(T83,U83,V83)=3,T83+U83-V83,"")) -> -106.586 | X83: -106.586 | Y83: 19.367 | Z83: -53.889 | AA83: -39.409 | AB83: -32.654 | AC83: 0 | AD83: 1 | AE83: 1 | AF83: 44.429 | AG83: =COUNTIF(Y83:AB83,">0") -> 1 | AH83: 0 | AI83: 19.367 | AJ83: =IF(ISNUMBER(X83),IF(X83>0,"+",IF(X83<0,"−","0")),IF(ISNUMBER(W83),IF(W83>0,"+",IF(W83<0,"−","0")),"yok")) -> − | AK83: =IF(AND(RIGHT(C83,2)<>"12",ISNUMBER(U83),ISNUMBER(V83)),U83-V83,"") -> 19.367 | AL83: =IF(AND(ISNUMBER(AK83),ISNUMBER(V83)),IF(V83<>0,AK83/ABS(V83),""),"") -> 0.77276355 | AM83: =IF(ISNUMBER(AK83),IF(AK83>1,1,0),"") -> 1 | AN83: =IF(ISNUMBER(AK83),IF(AK83>0.05*ABS(V83),1,0),"") -> 1 | AO83: -106.586 | AP83: 106.586 | AQ83: KESİN | AR83: 0 | AS83: 901.917 | AT83: -2150.508 | AU83: KOŞULLU | AV83: 44.429 | AW83: =IF(AND(ISNUMBER(AV83),ISNUMBER(AT83)),IF(AT83<>0,AV83/ABS(AT83),""),"") -> 0.02065977 | AX83: 1 | AY83: 0 | AZ83: FY-1 2024/12 (+44.4): pozitif değer bölüm toplamına pozitif giriyor | YTD-1 2024/09 (+25.1): pozitif değer bölüm toplamına pozitif giriyor | BA83: 0
A84: BRKO | B84: MDV+MODV alımı | C84: 2026/06 | D84: 1 | E84: 1 | F84: =SUM(G84:M84) -> 1 | G84: 0 | H84: 0 | I84: 0 | J84: 0 | K84: 0 | L84: 1 | M84: 0 | N84: 0 | O84: 0 | P84: 1 | Q84: 0 | R84: 0 | S84: 0 | T84: -31.162 | U84: 0 | V84: -1.893 | W84: =IF(RIGHT(C84,2)="12",IF(ISNUMBER(T84),T84,""),IF(COUNT(T84,U84,V84)=3,T84+U84-V84,"")) -> -29.269 | X84: -29.269 | Y84: -7.487 | Z84: 9.38 | AC84: 0 | AD84: 0 | AE84: 0 | AF84: 0 | AG84: =COUNTIF(Y84:AB84,">0") -> 1 | AH84: 0 | AI84: 9.38 | AJ84: =IF(ISNUMBER(X84),IF(X84>0,"+",IF(X84<0,"−","0")),IF(ISNUMBER(W84),IF(W84>0,"+",IF(W84<0,"−","0")),"yok")) -> − | AK84: =IF(AND(RIGHT(C84,2)<>"12",ISNUMBER(U84),ISNUMBER(V84)),U84-V84,"") -> 1.893 | AL84: =IF(AND(ISNUMBER(AK84),ISNUMBER(V84)),IF(V84<>0,AK84/ABS(V84),""),"") -> 1 | AM84: =IF(ISNUMBER(AK84),IF(AK84>1,1,0),"") -> 1 | AN84: =IF(ISNUMBER(AK84),IF(AK84>0.05*ABS(V84),1,0),"") -> 1 | AO84: -29.27 | AP84: 29.27 | AQ84: TÜRETİLMİŞ | AR84: 0 | AS84: -869.177 | AT84: -898.447 | AU84: TÜRETİLMİŞ | AV84: 1.893 | AW84: =IF(AND(ISNUMBER(AV84),ISNUMBER(AT84)),IF(AT84<>0,AV84/ABS(AT84),""),"") -> 0.002106969 | AX84: 0 | AY84: 1 | BA84: 0
A85: BRKSN | B85: MDV+MODV alımı | C85: 2025/03 | D85: 1 | E85: 1 | F85: =SUM(G85:M85) -> 1 | G85: 0 | H85: 0 | I85: 0 | J85: 0 | K85: 0 | L85: 0 | M85: 1 | N85: 0 | O85: 0 | P85: 1 | Q85: 0 | R85: 0 | S85: 0 | T85: -23.721 | U85: -23.644 | V85: -23.643 | W85: =IF(RIGHT(C85,2)="12",IF(ISNUMBER(T85),T85,""),IF(COUNT(T85,U85,V85)=3,T85+U85-V85,"")) -> -23.722 | X85: -23.721 | Y85: -7.78 | Z85: 6.26 | AA85: 1.519 | AB85: -23.721 | AC85: 0 | AD85: 0 | AE85: 0 | AF85: 0 | AG85: =COUNTIF(Y85:AB85,">0") -> 2 | AH85: 0 | AI85: 7.779 | AJ85: =IF(ISNUMBER(X85),IF(X85>0,"+",IF(X85<0,"−","0")),IF(ISNUMBER(W85),IF(W85>0,"+",IF(W85<0,"−","0")),"yok")) -> − | AK85: =IF(AND(RIGHT(C85,2)<>"12",ISNUMBER(U85),ISNUMBER(V85)),U85-V85,"") -> -0.001 | AL85: =IF(AND(ISNUMBER(AK85),ISNUMBER(V85)),IF(V85<>0,AK85/ABS(V85),""),"") -> -4.2295817e-05 | AM85: =IF(ISNUMBER(AK85),IF(AK85>1,1,0),"") -> 0 | AN85: =IF(ISNUMBER(AK85),IF(AK85>0.05*ABS(V85),1,0),"") -> 0 | AO85: -23.721 | AP85: 23.721 | AQ85: KESİN | AR85: 0 | AS85: 61.005 | AT85: 37.284 | AU85: KESİN | AV85: 6.26 | AW85: =IF(AND(ISNUMBER(AV85),ISNUMBER(AT85)),IF(AT85<>0,AV85/ABS(AT85),""),"") -> 0.16790044 | AX85: 0 | AY85: 0 | BA85: 0
A86: BRKSN | B86: MDV+MODV alımı | C86: 2025/06 | D86: 1 | E86: 1 | F86: =SUM(G86:M86) -> 2 | G86: 0 | H86: 0 | I86: 0 | J86: 0 | K86: 0 | L86: 1 | M86: 1 | N86: 0 | O86: 0 | P86: 1 | Q86: 0 | R86: 0 | S86: 1 | T86: -19.965 | U86: -23.644 | V86: -31.424 | W86: =IF(RIGHT(C86,2)="12",IF(ISNUMBER(T86),T86,""),IF(COUNT(T86,U86,V86)=3,T86+U86-V86,"")) -> -12.185 | X86: -12.184 | Y86: 6.26 | Z86: 1.519 | AA86: -23.721 | AB86: 3.756 | AC86: 0 | AD86: 0 | AE86: 0 | AF86: 0 | AG86: =COUNTIF(Y86:AB86,">0") -> 3 | AH86: 3.756 | AI86: 7.779 | AJ86: =IF(ISNUMBER(X86),IF(X86>0,"+",IF(X86<0,"−","0")),IF(ISNUMBER(W86),IF(W86>0,"+",IF(W86<0,"−","0")),"yok")) -> − | AK86: =IF(AND(RIGHT(C86,2)<>"12",ISNUMBER(U86),ISNUMBER(V86)),U86-V86,"") -> 7.78 | AL86: =IF(AND(ISNUMBER(AK86),ISNUMBER(V86)),IF(V86<>0,AK86/ABS(V86),""),"") -> 0.24758147 | AM86: =IF(ISNUMBER(AK86),IF(AK86>1,1,0),"") -> 1 | AN86: =IF(ISNUMBER(AK86),IF(AK86>0.05*ABS(V86),1,0),"") -> 1 | AO86: -12.185 | AP86: 12.185 | AQ86: KESİN | AR86: 0 | AS86: -81.985 | AT86: -94.17 | AU86: KESİN | AV86: 7.78 | AW86: =IF(AND(ISNUMBER(AV86),ISNUMBER(AT86)),IF(AT86<>0,AV86/ABS(AT86),""),"") -> 0.082616545 | AX86: 0 | AY86: 1 | BA86: 0
A87: BRKSN | B87: MDV+MODV alımı | C87: 2025/09 | D87: 1 | E87: 1 | F87: =SUM(G87:M87) -> 2 | G87: 0 | H87: 0 | I87: 0 | J87: 0 | K87: 0 | L87: 1 | M87: 1 | N87: 0 | O87: 0 | P87: 1 | Q87: 0 | R87: 0 | S87: 1 | T87: -22.695 | U87: -23.644 | V87: -25.163 | W87: =IF(RIGHT(C87,2)="12",IF(ISNUMBER(T87),T87,""),IF(COUNT(T87,U87,V87)=3,T87+U87-V87,"")) -> -21.176 | X87: -21.175 | Y87: 1.519 | Z87: -23.721 | AA87: 3.756 | AB87: -2.73 | AC87: 0 | AD87: 0 | AE87: 0 | AF87: 0 | AG87: =COUNTIF(Y87:AB87,">0") -> 2 | AH87: 3.756 | AI87: 1.519 | AJ87: =IF(ISNUMBER(X87),IF(X87>0,"+",IF(X87<0,"−","0")),IF(ISNUMBER(W87),IF(W87>0,"+",IF(W87<0,"−","0")),"yok")) -> − | AK87: =IF(AND(RIGHT(C87,2)<>"12",ISNUMBER(U87),ISNUMBER(V87)),U87-V87,"") -> 1.519 | AL87: =IF(AND(ISNUMBER(AK87),ISNUMBER(V87)),IF(V87<>0,AK87/ABS(V87),""),"") -> 0.060366411 | AM87: =IF(ISNUMBER(AK87),IF(AK87>1,1,0),"") -> 1 | AN87: =IF(ISNUMBER(AK87),IF(AK87>0.05*ABS(V87),1,0),"") -> 1 | AO87: -21.175 | AP87: 21.175 | AQ87: KESİN | AR87: 0 | AS87: 13.952 | AT87: -7.223 | AU87: KESİN | AV87: 1.519 | AW87: =IF(AND(ISNUMBER(AV87),ISNUMBER(AT87)),IF(AT87<>0,AV87/ABS(AT87),""),"") -> 0.21030043 | AX87: 0 | AY87: 1 | BA87: 0
A88: BRKSN | B88: MDV+MODV alımı | C88: 2026/03 | D88: 1 | E88: 1 | F88: =SUM(G88:M88) -> 1 | G88: 0 | H88: 0 | I88: 0 | J88: 0 | K88: 0 | L88: 0 | M88: 1 | N88: 0 | O88: 0 | P88: 1 | Q88: 0 | R88: 0 | S88: 0 | T88: -1.813 | U88: -25.098 | V88: -23.721 | W88: =IF(RIGHT(C88,2)="12",IF(ISNUMBER(T88),T88,""),IF(COUNT(T88,U88,V88)=3,T88+U88-V88,"")) -> -3.19 | X88: -3.19 | Y88: 3.756 | Z88: -2.73 | AA88: -2.403 | AB88: -1.813 | AC88: 0 | AD88: 0 | AE88: 0 | AF88: 0 | AG88: =COUNTIF(Y88:AB88,">0") -> 1 | AH88: 0 | AI88: 3.756 | AJ88: =IF(ISNUMBER(X88),IF(X88>0,"+",IF(X88<0,"−","0")),IF(ISNUMBER(W88),IF(W88>0,"+",IF(W88<0,"−","0")),"yok")) -> − | AK88: =IF(AND(RIGHT(C88,2)<>"12",ISNUMBER(U88),ISNUMBER(V88)),U88-V88,"") -> -1.377 | AL88: =IF(AND(ISNUMBER(AK88),ISNUMBER(V88)),IF(V88<>0,AK88/ABS(V88),""),"") -> -0.058049829 | AM88: =IF(ISNUMBER(AK88),IF(AK88>1,1,0),"") -> 0 | AN88: =IF(ISNUMBER(AK88),IF(AK88>0.05*ABS(V88),1,0),"") -> 0 | AO88: -3.191 | AP88: 3.191 | AQ88: KESİN | AR88: 0 | AS88: 80.961 | AT88: 77.77 | AU88: KESİN | AV88: 3.756 | AW88: =IF(AND(ISNUMBER(AV88),ISNUMBER(AT88)),IF(AT88<>0,AV88/ABS(AT88),""),"") -> 0.048296258 | AX88: 0 | AY88: 0 | BA88: 0
A89: BRLSM | B89: MDV+MODV alımı | C89: 2025/03 | D89: 1 | E89: 1 | F89: =SUM(G89:M89) -> 2 | G89: 0 | H89: 0 | I89: 1 | J89: 0 | K89: 0 | L89: 1 | M89: 0 | N89: 1 | O89: 0 | P89: 1 | Q89: 0 | R89: 0 | S89: 0 | T89: -3.699 | U89: 0 | V89: -27.341 | W89: =IF(RIGHT(C89,2)="12",IF(ISNUMBER(T89),T89,""),IF(COUNT(T89,U89,V89)=3,T89+U89-V89,"")) -> 23.642 | X89: 23.642 | Y89: -27.789 | Z89: -3.499 | AA89: 58.63 | AB89: -3.699 | AC89: 0 | AD89: 0 | AE89: 0 | AF89: 0 | AG89: =COUNTIF(Y89:AB89,">0") -> 1 | AH89: 0 | AI89: 58.63 | AJ89: =IF(ISNUMBER(X89),IF(X89>0,"+",IF(X89<0,"−","0")),IF(ISNUMBER(W89),IF(W89>0,"+",IF(W89<0,"−","0")),"yok")) -> + | AK89: =IF(AND(RIGHT(C89,2)<>"12",ISNUMBER(U89),ISNUMBER(V89)),U89-V89,"") -> 27.341 | AL89: =IF(AND(ISNUMBER(AK89),ISNUMBER(V89)),IF(V89<>0,AK89/ABS(V89),""),"") -> 1 | AM89: =IF(ISNUMBER(AK89),IF(AK89>1,1,0),"") -> 1 | AN89: =IF(ISNUMBER(AK89),IF(AK89>0.05*ABS(V89),1,0),"") -> 1 | AO89: 23.642 | AP89: 0 | AQ89: KESİN | AR89: 1 | AS89: -503.04 | AT89: -503.04 | AU89: KESİN | AV89: 27.341 | AW89: =IF(AND(ISNUMBER(AV89),ISNUMBER(AT89)),IF(AT89<>0,AV89/ABS(AT89),""),"") -> 0.054351543 | AX89: 0 | AY89: 1 | BA89: 0
A90: BRLSM | B90: MDV+MODV alımı | C90: 2025/06 | D90: 1 | E90: 1 | F90: =SUM(G90:M90) -> 2 | G90: 0 | H90: 0 | I90: 1 | J90: 0 | K90: 0 | L90: 1 | M90: 0 | N90: 1 | O90: 0 | P90: 1 | Q90: 0 | R90: 0 | S90: 0 | T90: -4.993 | U90: 0 | V90: -55.13 | W90: =IF(RIGHT(C90,2)="12",IF(ISNUMBER(T90),T90,""),IF(COUNT(T90,U90,V90)=3,T90+U90-V90,"")) -> 50.137 | X90: 50.137 | Y90: -3.499 | Z90: 58.63 | AA90: -3.699 | AB90: -1.294 | AC90: 0 | AD90: 0 | AE90: 0 | AF90: 0 | AG90: =COUNTIF(Y90:AB90,">0") -> 1 | AH90: 0 | AI90: 58.63 | AJ90: =IF(ISNUMBER(X90),IF(X90>0,"+",IF(X90<0,"−","0")),IF(ISNUMBER(W90),IF(W90>0,"+",IF(W90<0,"−","0")),"yok")) -> + | AK90: =IF(AND(RIGHT(C90,2)<>"12",ISNUMBER(U90),ISNUMBER(V90)),U90-V90,"") -> 55.13 | AL90: =IF(AND(ISNUMBER(AK90),ISNUMBER(V90)),IF(V90<>0,AK90/ABS(V90),""),"") -> 1 | AM90: =IF(ISNUMBER(AK90),IF(AK90>1,1,0),"") -> 1 | AN90: =IF(ISNUMBER(AK90),IF(AK90>0.05*ABS(V90),1,0),"") -> 1 | AO90: 50.137 | AP90: 0 | AQ90: KESİN | AR90: 1 | AS90: -468.675 | AT90: -468.675 | AU90: KESİN | AV90: 55.13 | AW90: =IF(AND(ISNUMBER(AV90),ISNUMBER(AT90)),IF(AT90<>0,AV90/ABS(AT90),""),"") -> 0.11762949 | AX90: 0 | AY90: 1 | BA90: 0
A91: BRLSM | B91: MDV+MODV alımı | C91: 2025/09 | D91: 1 | E91: 1 | F91: =SUM(G91:M91) -> 2 | G91: 0 | H91: 0 | I91: 1 | J91: 0 | K91: 0 | L91: 1 | M91: 0 | N91: 1 | O91: 0 | P91: 1 | Q91: 0 | R91: 0 | S91: 0 | T91: -13.239 | U91: 0 | V91: -58.63 | W91: =IF(RIGHT(C91,2)="12",IF(ISNUMBER(T91),T91,""),IF(COUNT(T91,U91,V91)=3,T91+U91-V91,"")) -> 45.391 | X91: 45.391 | Y91: 58.63 | Z91: -3.699 | AA91: -1.294 | AB91: -8.245 | AC91: 0 | AD91: 0 | AE91: 0 | AF91: 0 | AG91: =COUNTIF(Y91:AB91,">0") -> 1 | AH91: 0 | AI91: 58.63 | AJ91: =IF(ISNUMBER(X91),IF(X91>0,"+",IF(X91<0,"−","0")),IF(ISNUMBER(W91),IF(W91>0,"+",IF(W91<0,"−","0")),"yok")) -> + | AK91: =IF(AND(RIGHT(C91,2)<>"12",ISNUMBER(U91),ISNUMBER(V91)),U91-V91,"") -> 58.63 | AL91: =IF(AND(ISNUMBER(AK91),ISNUMBER(V91)),IF(V91<>0,AK91/ABS(V91),""),"") -> 1 | AM91: =IF(ISNUMBER(AK91),IF(AK91>1,1,0),"") -> 1 | AN91: =IF(ISNUMBER(AK91),IF(AK91>0.05*ABS(V91),1,0),"") -> 1 | AO91: 45.391 | AP91: 0 | AQ91: KESİN | AR91: 1 | AS91: -835.15 | AT91: -835.15 | AU91: KESİN | AV91: 58.63 | AW91: =IF(AND(ISNUMBER(AV91),ISNUMBER(AT91)),IF(AT91<>0,AV91/ABS(AT91),""),"") -> 0.070202958 | AX91: 0 | AY91: 1 | BA91: 0
A92: BRLSM | B92: MDV+MODV alımı | C92: 2026/03 | D92: 1 | E92: 1 | F92: =SUM(G92:M92) -> 1 | G92: 0 | H92: 0 | I92: 0 | J92: 0 | K92: 0 | L92: 1 | M92: 0 | N92: 0 | O92: 0 | P92: 1 | Q92: 0 | R92: 0 | S92: 0 | T92: -4.751 | U92: 0 | V92: -3.699 | W92: =IF(RIGHT(C92,2)="12",IF(ISNUMBER(T92),T92,""),IF(COUNT(T92,U92,V92)=3,T92+U92-V92,"")) -> -1.052 | X92: -1.052 | Y92: -1.294 | Z92: -8.245 | AA92: 13.239 | AB92: -4.751 | AC92: 0 | AD92: 0 | AE92: 0 | AF92: 0 | AG92: =COUNTIF(Y92:AB92,">0") -> 1 | AH92: 0 | AI92: 13.239 | AJ92: =IF(ISNUMBER(X92),IF(X92>0,"+",IF(X92<0,"−","0")),IF(ISNUMBER(W92),IF(W92>0,"+",IF(W92<0,"−","0")),"yok")) -> − | AK92: =IF(AND(RIGHT(C92,2)<>"12",ISNUMBER(U92),ISNUMBER(V92)),U92-V92,"") -> 3.699 | AL92: =IF(AND(ISNUMBER(AK92),ISNUMBER(V92)),IF(V92<>0,AK92/ABS(V92),""),"") -> 1 | AM92: =IF(ISNUMBER(AK92),IF(AK92>1,1,0),"") -> 1 | AN92: =IF(ISNUMBER(AK92),IF(AK92>0.05*ABS(V92),1,0),"") -> 1 | AO92: -1.053 | AP92: 1.053 | AQ92: KESİN | AR92: 0 | AS92: 157.45 | AT92: 156.397 | AU92: KOŞULLU | AV92: 3.699 | AW92: =IF(AND(ISNUMBER(AV92),ISNUMBER(AT92)),IF(AT92<>0,AV92/ABS(AT92),""),"") -> 0.023651349 | AX92: 0 | AY92: 1 | BA92: 0
A93: BRLSM | B93: MDV+MODV alımı | C93: 2026/06 | D93: 1 | E93: 1 | F93: =SUM(G93:M93) -> 2 | G93: 0 | H93: 0 | I93: 1 | J93: 0 | K93: 0 | L93: 1 | M93: 0 | N93: 1 | O93: 0 | P93: 1 | Q93: 0 | R93: 0 | S93: 0 | T93: -4.44 | U93: 0 | V93: -4.993 | W93: =IF(RIGHT(C93,2)="12",IF(ISNUMBER(T93),T93,""),IF(COUNT(T93,U93,V93)=3,T93+U93-V93,"")) -> 0.553 | X93: 0.553 | Y93: -8.245 | Z93: 13.239 | AA93: -4.751 | AB93: 0.311 | AC93: 0 | AD93: 0 | AE93: 0 | AF93: 0 | AG93: =COUNTIF(Y93:AB93,">0") -> 2 | AH93: 0.311 | AI93: 13.239 | AJ93: =IF(ISNUMBER(X93),IF(X93>0,"+",IF(X93<0,"−","0")),IF(ISNUMBER(W93),IF(W93>0,"+",IF(W93<0,"−","0")),"yok")) -> + | AK93: =IF(AND(RIGHT(C93,2)<>"12",ISNUMBER(U93),ISNUMBER(V93)),U93-V93,"") -> 4.993 | AL93: =IF(AND(ISNUMBER(AK93),ISNUMBER(V93)),IF(V93<>0,AK93/ABS(V93),""),"") -> 1 | AM93: =IF(ISNUMBER(AK93),IF(AK93>1,1,0),"") -> 1 | AN93: =IF(ISNUMBER(AK93),IF(AK93>0.05*ABS(V93),1,0),"") -> 1 | AO93: 0.554 | AP93: 0 | AQ93: KESİN | AR93: 1 | AS93: -83.703 | AT93: -83.703 | AU93: KESİN | AV93: 4.993 | AW93: =IF(AND(ISNUMBER(AV93),ISNUMBER(AT93)),IF(AT93<>0,AV93/ABS(AT93),""),"") -> 0.059651386 | AX93: 0 | AY93: 1 | BA93: 0
A94: BRMEN | B94: Kira anapara | C94: 2025/03 | D94: 1 | E94: 1 | F94: =SUM(G94:M94) -> 1 | G94: 1 | H94: 0 | I94: 0 | J94: 0 | K94: 0 | L94: 0 | M94: 0 | N94: 1 | O94: 0 | P94: 1 | Q94: 1 | R94: 0 | S94: 0 | T94: 0 | U94: 0 | V94: -23.33 | W94: =IF(RIGHT(C94,2)="12",IF(ISNUMBER(T94),T94,""),IF(COUNT(T94,U94,V94)=3,T94+U94-V94,"")) -> 23.33 | X94: 23.33 | Y94: -3.376 | Z94: 26.706 | AA94: 0 | AB94: 0 | AC94: 0 | AD94: 0 | AE94: 0 | AF94: 0 | AG94: =COUNTIF(Y94:AB94,">0") -> 1 | AH94: 0 | AI94: 26.706 | AJ94: =IF(ISNUMBER(X94),IF(X94>0,"+",IF(X94<0,"−","0")),IF(ISNUMBER(W94),IF(W94>0,"+",IF(W94<0,"−","0")),"yok")) -> + | AK94: =IF(AND(RIGHT(C94,2)<>"12",ISNUMBER(U94),ISNUMBER(V94)),U94-V94,"") -> 23.33 | AL94: =IF(AND(ISNUMBER(AK94),ISNUMBER(V94)),IF(V94<>0,AK94/ABS(V94),""),"") -> 1 | AM94: =IF(ISNUMBER(AK94),IF(AK94>1,1,0),"") -> 1 | AN94: =IF(ISNUMBER(AK94),IF(AK94>0.05*ABS(V94),1,0),"") -> 1 | AO94: 23.33 | AP94: 0 | AQ94: KESİN | AR94: 1 | AS94: -45.244 | AT94: -49.523 | AU94: KESİN | AV94: 23.33 | AW94: =IF(AND(ISNUMBER(AV94),ISNUMBER(AT94)),IF(AT94<>0,AV94/ABS(AT94),""),"") -> 0.47109424 | AX94: 0 | AY94: 1 | BA94: 0
A95: BRMEN | B95: Kira anapara | C95: 2025/06 | D95: 1 | E95: 1 | F95: =SUM(G95:M95) -> 1 | G95: 1 | H95: 0 | I95: 0 | J95: 0 | K95: 0 | L95: 0 | M95: 0 | N95: 1 | O95: 0 | P95: 1 | Q95: 1 | R95: 0 | S95: 0 | T95: 0 | U95: 0 | V95: -26.706 | W95: =IF(RIGHT(C95,2)="12",IF(ISNUMBER(T95),T95,""),IF(COUNT(T95,U95,V95)=3,T95+U95-V95,"")) -> 26.706 | X95: 26.706 | Y95: 26.706 | Z95: 0 | AA95: 0 | AB95: 0 | AC95: 0 | AD95: 0 | AE95: 0 | AF95: 0 | AG95: =COUNTIF(Y95:AB95,">0") -> 1 | AH95: 0 | AI95: 26.706 | AJ95: =IF(ISNUMBER(X95),IF(X95>0,"+",IF(X95<0,"−","0")),IF(ISNUMBER(W95),IF(W95>0,"+",IF(W95<0,"−","0")),"yok")) -> + | AK95: =IF(AND(RIGHT(C95,2)<>"12",ISNUMBER(U95),ISNUMBER(V95)),U95-V95,"") -> 26.706 | AL95: =IF(AND(ISNUMBER(AK95),ISNUMBER(V95)),IF(V95<>0,AK95/ABS(V95),""),"") -> 1 | AM95: =IF(ISNUMBER(AK95),IF(AK95>1,1,0),"") -> 1 | AN95: =IF(ISNUMBER(AK95),IF(AK95>0.05*ABS(V95),1,0),"") -> 1 | AO95: 26.707 | AP95: 0 | AQ95: KESİN | AR95: 1 | AS95: -38.965 | AT95: -43.277 | AU95: KESİN | AV95: 26.706 | AW95: =IF(AND(ISNUMBER(AV95),ISNUMBER(AT95)),IF(AT95<>0,AV95/ABS(AT95),""),"") -> 0.61709453 | AX95: 0 | AY95: 1 | BA95: 0
A96: BRMEN | B96: MDV+MODV alımı | C96: 2025/03 | D96: 1 | E96: 1 | F96: =SUM(G96:M96) -> 1 | G96: 0 | H96: 0 | I96: 0 | J96: 0 | K96: 0 | L96: 0 | M96: 1 | N96: 0 | O96: 0 | P96: 1 | Q96: 0 | R96: 0 | S96: 0 | T96: 0 | U96: -4.312 | V96: -0.033 | W96: =IF(RIGHT(C96,2)="12",IF(ISNUMBER(T96),T96,""),IF(COUNT(T96,U96,V96)=3,T96+U96-V96,"")) -> -4.279 | X96: -4.278 | Y96: 0.033 | Z96: -7.533 | AA96: 3.221 | AB96: 0 | AC96: 0 | AD96: 0 | AE96: 0 | AF96: 0 | AG96: =COUNTIF(Y96:AB96,">0") -> 2 | AH96: 0 | AI96: 3.254 | AJ96: =IF(ISNUMBER(X96),IF(X96>0,"+",IF(X96<0,"−","0")),IF(ISNUMBER(W96),IF(W96>0,"+",IF(W96<0,"−","0")),"yok")) -> − | AK96: =IF(AND(RIGHT(C96,2)<>"12",ISNUMBER(U96),ISNUMBER(V96)),U96-V96,"") -> -4.279 | AL96: =IF(AND(ISNUMBER(AK96),ISNUMBER(V96)),IF(V96<>0,AK96/ABS(V96),""),"") -> -129.66667 | AM96: =IF(ISNUMBER(AK96),IF(AK96>1,1,0),"") -> 0 | AN96: =IF(ISNUMBER(AK96),IF(AK96>0.05*ABS(V96),1,0),"") -> 0 | AO96: -4.279 | AP96: 4.279 | AQ96: KESİN | AR96: 0 | AS96: -45.244 | AT96: -49.523 | AU96: KESİN | AV96: 3.221 | AW96: =IF(AND(ISNUMBER(AV96),ISNUMBER(AT96)),IF(AT96<>0,AV96/ABS(AT96),""),"") -> 0.065040486 | AX96: 0 | AY96: 0 | BA96: 0
... A98: BRMEN | B98: MDV+MODV alımı | C98: 2025/09 | D98: 1 | E98: 1 | F98: =SUM(G98:M98) -> 3 | G98: 0 | H98: 0 | I98: 1 | J98: 0 | K98: 0 | L98: 1 | M98: 1 | N98: 1 | O98: 0 | P98: 1 | Q98: 0 | R98: 0 | S98: 0 | T98: -0.844 | U98: -4.312 | V98: -7.533 | W98: =IF(RIGHT(C98,2)="12",IF(ISNUMBER(T98),T98,""),IF(COUNT(T98,U98,V98)=3,T98+U98-V98,"")) -> 2.377 | X98: 2.376 | Y98: 3.221 | Z98: 0 | AA98: 0 | AB98: -0.844 | AC98: 0 | AD98: 0 | AE98: 0 | AF98: 0 | AG98: =COUNTIF(Y98:AB98,">0") -> 1 | AH98: 0 | AI98: 3.221 | AJ98: =IF(ISNUMBER(X98),IF(X98>0,"+",IF(X98<0,"−","0")),IF(ISNUMBER(W98),IF(W98>0,"+",IF(W98<0,"−","0")),"yok")) -> + | AK98: =IF(AND(RIGHT(C98,2)<>"12",ISNUMBER(U98),ISNUMBER(V98)),U98-V98,"") -> 3.221 | AL98: =IF(AND(ISNUMBER(AK98),ISNUMBER(V98)),IF(V98<>0,AK98/ABS(V98),""),"") -> 0.42758529 | AM98: =IF(ISNUMBER(AK98),IF(AK98>1,1,0),"") -> 1 | AN98: =IF(ISNUMBER(AK98),IF(AK98>0.05*ABS(V98),1,0),"") -> 1 | AO98: 2.377 | AP98: 0 | AQ98: KESİN | AR98: 1 | AS98: 3.518 | AT98: 3.191 | AU98: KESİN | AV98: 3.221 | AW98: =IF(AND(ISNUMBER(AV98),ISNUMBER(AT98)),IF(AT98<>0,AV98/ABS(AT98),""),"") -> 1.0094014 | AX98: 0 | AY98: 1 | BA98: 0
A99: BSOKE | B99: MDV+MODV alımı | C99: 2025/03 | D99: 1 | E99: 1 | F99: =SUM(G99:M99) -> 1 | G99: 0 | H99: 0 | I99: 0 | J99: 0 | K99: 0 | L99: 0 | M99: 1 | N99: 0 | O99: 0 | P99: 1 | Q99: 0 | R99: 0 | S99: 0 | T99: -49.768 | U99: -127.821 | V99: -108.308 | W99: =IF(RIGHT(C99,2)="12",IF(ISNUMBER(T99),T99,""),IF(COUNT(T99,U99,V99)=3,T99+U99-V99,"")) -> -69.281 | X99: -69.28 | Y99: -34.478 | Z99: 22.803 | AA99: -7.836 | AB99: -49.768 | AC99: 0 | AD99: 0 | AE99: 0 | AF99: 0 | AG99: =COUNTIF(Y99:AB99,">0") -> 1 | AH99: 0 | AI99: 22.803 | AJ99: =IF(ISNUMBER(X99),IF(X99>0,"+",IF(X99<0,"−","0")),IF(ISNUMBER(W99),IF(W99>0,"+",IF(W99<0,"−","0")),"yok")) -> − | AK99: =IF(AND(RIGHT(C99,2)<>"12",ISNUMBER(U99),ISNUMBER(V99)),U99-V99,"") -> -19.513 | AL99: =IF(AND(ISNUMBER(AK99),ISNUMBER(V99)),IF(V99<>0,AK99/ABS(V99),""),"") -> -0.18016213 | AM99: =IF(ISNUMBER(AK99),IF(AK99>1,1,0),"") -> 0 | AN99: =IF(ISNUMBER(AK99),IF(AK99>0.05*ABS(V99),1,0),"") -> 0 | AO99: -69.28 | AP99: 69.28 | AQ99: KESİN | AR99: 0 | AS99: 256.54 | AU99: NULL | AV99: 22.803 | AW99: =IF(AND(ISNUMBER(AV99),ISNUMBER(AT99)),IF(AT99<>0,AV99/ABS(AT99),""),"") | AX99: 0 | AY99: 0 | BA99: 0
A100: BSOKE | B100: MDV+MODV alımı | C100: 2025/06 | D100: 1 | E100: 1 | F100: =SUM(G100:M100) -> 2 | G100: 0 | H100: 0 | I100: 0 | J100: 0 | K100: 0 | L100: 1 | M100: 1 | N100: 0 | O100: 0 | P100: 1 | Q100: 0 | R100: 0 | S100: 0 | T100: -76.465 | U100: -127.821 | V100: -142.787 | W100: =IF(RIGHT(C100,2)="12",IF(ISNUMBER(T100),T100,""),IF(COUNT(T100,U100,V100)=3,T100+U100-V100,"")) -> -61.499 | X100: -61.499 | Y100: 22.803 | Z100: -7.836 | AA100: -49.768 | AB100: -26.697 | AC100: 0 | AD100: 0 | AE100: 0 | AF100: 0 | AG100: =COUNTIF(Y100:AB100,">0") -> 1 | AH100: 0 | AI100: 22.803 | AJ100: =IF(ISNUMBER(X100),IF(X100>0,"+",IF(X100<0,"−","0")),IF(ISNUMBER(W100),IF(W100>0,"+",IF(W100<0,"−","0")),"yok")) -> − | AK100: =IF(AND(RIGHT(C100,2)<>"12",ISNUMBER(U100),ISNUMBER(V100)),U100-V100,"") -> 14.966 | AL100: =IF(AND(ISNUMBER(AK100),ISNUMBER(V100)),IF(V100<>0,AK100/ABS(V100),""),"") -> 0.10481346 | AM100: =IF(ISNUMBER(AK100),IF(AK100>1,1,0),"") -> 1 | AN100: =IF(ISNUMBER(AK100),IF(AK100>0.05*ABS(V100),1,0),"") -> 1 | AO100: -61.499 | AP100: 61.499 | AQ100: KESİN | AR100: 0 | AS100: -421.488 | AU100: NULL | AV100: 14.966 | AW100: =IF(AND(ISNUMBER(AV100),ISNUMBER(AT100)),IF(AT100<>0,AV100/ABS(AT100),""),"") | AX100: 0 | AY100: 1 | BA100: 0
A101: BTCIM | B101: MDV+MODV alımı | C101: 2026/03 | D101: 1 | E101: 1 | F101: =SUM(G101:M101) -> 1 | G101: 0 | H101: 0 | I101: 0 | J101: 0 | K101: 0 | L101: 0 | M101: 1 | N101: 0 | O101: 0 | P101: 1 | Q101: 0 | R101: 0 | S101: 0 | T101: -288.704 | U101: -1261.783 | V101: -193.546 | W101: =IF(RIGHT(C101,2)="12",IF(ISNUMBER(T101),T101,""),IF(COUNT(T101,U101,V101)=3,T101+U101-V101,"")) -> -1356.941 | X101: -1356.94 | Y101: 48.569 | Z101: -858.097 | AA101: -258.708 | AB101: -288.704 | AC101: 0 | AD101: 0 | AE101: 0 | AF101: 0 | AG101: =COUNTIF(Y101:AB101,">0") -> 1 | AH101: 0 | AI101: 48.569 | AJ101: =IF(ISNUMBER(X101),IF(X101>0,"+",IF(X101<0,"−","0")),IF(ISNUMBER(W101),IF(W101>0,"+",IF(W101<0,"−","0")),"yok")) -> − | AK101: =IF(AND(RIGHT(C101,2)<>"12",ISNUMBER(U101),ISNUMBER(V101)),U101-V101,"") -> -1068.237 | AL101: =IF(AND(ISNUMBER(AK101),ISNUMBER(V101)),IF(V101<>0,AK101/ABS(V101),""),"") -> -5.5192926 | AM101: =IF(ISNUMBER(AK101),IF(AK101>1,1,0),"") -> 0 | AN101: =IF(ISNUMBER(AK101),IF(AK101>0.05*ABS(V101),1,0),"") -> 0 | AO101: -1356.94 | AP101: 1356.94 | AQ101: KESİN | AR101: 0 | AS101: 3355.774 | AT101: 1916.483 | AU101: TÜRETİLMİŞ | AV101: 48.569 | AW101: =IF(AND(ISNUMBER(AV101),ISNUMBER(AT101)),IF(AT101<>0,AV101/ABS(AT101),""),"") -> 0.025342776 | AX101: 0 | AY101: 0 | BA101: 0
...

Sheet FCF_SIM
A1: Kod | B1: Dönem | C1: V7 FCF statü | D1: V7 FCF | E1: V7 CFO_TTM | F1: Aday K6(a): kaynak pozitif (1/0) | G1: K6(a) kalem(ler)i | H1: Aday K11(d): köprü çelişkisi (1/0) | I1: K11(d) kalem(ler)i | J1: K6(a) şu an düşülen tutarı 0'a çeker (1/0) | K1: Anomali göstergesi (mn TL) | L1: Anomali / |FCF| (formül) | M1: Önem dilimi (formül) | N1: Politika-1 statü: kaynak pozitif → KOŞULLU (formül) | O1: Politika-2 statü: kaynak pozitif → KESİN + not (formül) | P1: P1'de statü değişti (formül) | Q1: P2'de statü değişti (formül)
A2: AGROT | B2: 2026/03 | C2: NULL | E2: -1232.45 | F2: 0 | H2: 1 | I2: MDV+MODV alımı | J2: 0 | K2: 7.326 | L2: =IF(AND(ISNUMBER(K2),ISNUMBER(D2)),IF(D2<>0,K2/ABS(D2),""),"") | M2: =IF(L2="","FCF yok",IF(L2<0.01,"%1 altı",IF(L2<0.05,"%1–5",IF(L2<0.1,"%5–10",IF(L2<0.25,"%10–25","%25 üstü"))))) -> FCF yok | N2: =IF(OR(C2="NULL",C2="KOŞULLU"),C2,IF(OR(F2=1,H2=1),"KOŞULLU",C2)) -> NULL | O2: =IF(OR(C2="NULL",C2="KOŞULLU"),C2,IF(H2=1,"KOŞULLU",C2)) -> NULL | P2: =IF(N2<>C2,1,0) -> 0 | Q2: =IF(O2<>C2,1,0) -> 0
A3: AHGAZ | B3: 2025/03 | C3: KESİN | D3: 3357.519 | E3: 19096.509 | F3: 1 | G3: Kira anapara | H3: 0 | J3: 1 | K3: 4.939 | L3: =IF(AND(ISNUMBER(K3),ISNUMBER(D3)),IF(D3<>0,K3/ABS(D3),""),"") -> 0.0014710267 | M3: =IF(L3="","FCF yok",IF(L3<0.01,"%1 altı",IF(L3<0.05,"%1–5",IF(L3<0.1,"%5–10",IF(L3<0.25,"%10–25","%25 üstü"))))) -> %1 altı | N3: =IF(OR(C3="NULL",C3="KOŞULLU"),C3,IF(OR(F3=1,H3=1),"KOŞULLU",C3)) -> KOŞULLU | O3: =IF(OR(C3="NULL",C3="KOŞULLU"),C3,IF(H3=1,"KOŞULLU",C3)) -> KESİN | P3: =IF(N3<>C3,1,0) -> 1 | Q3: =IF(O3<>C3,1,0) -> 0
A4: AHGAZ | B4: 2025/06 | C4: KESİN | D4: 12083.102 | E4: 20721.501 | F4: 0 | H4: 1 | I4: Kira anapara | J4: 0 | K4: 91.232 | L4: =IF(AND(ISNUMBER(K4),ISNUMBER(D4)),IF(D4<>0,K4/ABS(D4),""),"") -> 0.007550379 | M4: =IF(L4="","FCF yok",IF(L4<0.01,"%1 altı",IF(L4<0.05,"%1–5",IF(L4<0.1,"%5–10",IF(L4<0.25,"%10–25","%25 üstü"))))) -> %1 altı | N4: =IF(OR(C4="NULL",C4="KOŞULLU"),C4,IF(OR(F4=1,H4=1),"KOŞULLU",C4)) -> KOŞULLU | O4: =IF(OR(C4="NULL",C4="KOŞULLU"),C4,IF(H4=1,"KOŞULLU",C4)) -> KOŞULLU | P4: =IF(N4<>C4,1,0) -> 1 | Q4: =IF(O4<>C4,1,0) -> 1
A5: AHGAZ | B5: 2025/09 | C5: KESİN | D5: 13649.192 | E5: 22657.665 | F5: 0 | H5: 1 | I5: Kira anapara | J5: 0 | K5: 51.339 | L5: =IF(AND(ISNUMBER(K5),ISNUMBER(D5)),IF(D5<>0,K5/ABS(D5),""),"") -> 0.0037613215 | M5: =IF(L5="","FCF yok",IF(L5<0.01,"%1 altı",IF(L5<0.05,"%1–5",IF(L5<0.1,"%5–10",IF(L5<0.25,"%10–25","%25 üstü"))))) -> %1 altı | N5: =IF(OR(C5="NULL",C5="KOŞULLU"),C5,IF(OR(F5=1,H5=1),"KOŞULLU",C5)) -> KOŞULLU | O5: =IF(OR(C5="NULL",C5="KOŞULLU"),C5,IF(H5=1,"KOŞULLU",C5)) -> KOŞULLU | P5: =IF(N5<>C5,1,0) -> 1 | Q5: =IF(O5<>C5,1,0) -> 1
A6: AHGAZ | B6: 2026/03 | C6: KESİN | D6: 22606.221 | E6: 29205.005 | F6: 1 | G6: Kira anapara | H6: 0 | J6: 1 | K6: 4.939 | L6: =IF(AND(ISNUMBER(K6),ISNUMBER(D6)),IF(D6<>0,K6/ABS(D6),""),"") -> 0.00021847968 | M6: =IF(L6="","FCF yok",IF(L6<0.01,"%1 altı",IF(L6<0.05,"%1–5",IF(L6<0.1,"%5–10",IF(L6<0.25,"%10–25","%25 üstü"))))) -> %1 altı | N6: =IF(OR(C6="NULL",C6="KOŞULLU"),C6,IF(OR(F6=1,H6=1),"KOŞULLU",C6)) -> KOŞULLU | O6: =IF(OR(C6="NULL",C6="KOŞULLU"),C6,IF(H6=1,"KOŞULLU",C6)) -> KESİN | P6: =IF(N6<>C6,1,0) -> 1 | Q6: =IF(O6<>C6,1,0) -> 0
A7: AKHAN | B7: 2025/12 | C7: NULL | E7: -575.04 | F7: 1 | G7: MDV+MODV alımı | H7: 0 | J7: 0 | K7: 2152.23 | L7: =IF(AND(ISNUMBER(K7),ISNUMBER(D7)),IF(D7<>0,K7/ABS(D7),""),"") | M7: =IF(L7="","FCF yok",IF(L7<0.01,"%1 altı",IF(L7<0.05,"%1–5",IF(L7<0.1,"%5–10",IF(L7<0.25,"%10–25","%25 üstü"))))) -> FCF yok | N7: =IF(OR(C7="NULL",C7="KOŞULLU"),C7,IF(OR(F7=1,H7=1),"KOŞULLU",C7)) -> NULL | O7: =IF(OR(C7="NULL",C7="KOŞULLU"),C7,IF(H7=1,"KOŞULLU",C7)) -> NULL | P7: =IF(N7<>C7,1,0) -> 0 | Q7: =IF(O7<>C7,1,0) -> 0
A8: AKHAN | B8: 2026/03 | C8: NULL | E8: -2622.368 | F8: 1 | G8: MDV+MODV alımı | H8: 0 | J8: 0 | K8: 2284.505 | L8: =IF(AND(ISNUMBER(K8),ISNUMBER(D8)),IF(D8<>0,K8/ABS(D8),""),"") | M8: =IF(L8="","FCF yok",IF(L8<0.01,"%1 altı",IF(L8<0.05,"%1–5",IF(L8<0.1,"%5–10",IF(L8<0.25,"%10–25","%25 üstü"))))) -> FCF yok | N8: =IF(OR(C8="NULL",C8="KOŞULLU"),C8,IF(OR(F8=1,H8=1),"KOŞULLU",C8)) -> NULL | O8: =IF(OR(C8="NULL",C8="KOŞULLU"),C8,IF(H8=1,"KOŞULLU",C8)) -> NULL | P8: =IF(N8<>C8,1,0) -> 0 | Q8: =IF(O8<>C8,1,0) -> 0
A9: AKHAN | B9: 2026/06 | C9: NULL | E9: -667.663 | F9: 1 | G9: Kira anapara + MDV+MODV alımı | H9: 0 | J9: 0 | K9: 2152.23 | L9: =IF(AND(ISNUMBER(K9),ISNUMBER(D9)),IF(D9<>0,K9/ABS(D9),""),"") | M9: =IF(L9="","FCF yok",IF(L9<0.01,"%1 altı",IF(L9<0.05,"%1–5",IF(L9<0.1,"%5–10",IF(L9<0.25,"%10–25","%25 üstü"))))) -> FCF yok | N9: =IF(OR(C9="NULL",C9="KOŞULLU"),C9,IF(OR(F9=1,H9=1),"KOŞULLU",C9)) -> NULL | O9: =IF(OR(C9="NULL",C9="KOŞULLU"),C9,IF(H9=1,"KOŞULLU",C9)) -> NULL | P9: =IF(N9<>C9,1,0) -> 0 | Q9: =IF(O9<>C9,1,0) -> 0
A10: AKSA | B10: 2026/06 | C10: KESİN | D10: 2764.66 | E10: 5532.112 | F10: 0 | H10: 1 | I10: Kira anapara | J10: 0 | K10: 1.8 | L10: =IF(AND(ISNUMBER(K10),ISNUMBER(D10)),IF(D10<>0,K10/ABS(D10),""),"") -> 0.00065107463 | M10: =IF(L10="","FCF yok",IF(L10<0.01,"%1 altı",IF(L10<0.05,"%1–5",IF(L10<0.1,"%5–10",IF(L10<0.25,"%10–25","%25 üstü"))))) -> %1 altı | N10: =IF(OR(C10="NULL",C10="KOŞULLU"),C10,IF(OR(F10=1,H10=1),"KOŞULLU",C10)) -> KOŞULLU | O10: =IF(OR(C10="NULL",C10="KOŞULLU"),C10,IF(H10=1,"KOŞULLU",C10)) -> KOŞULLU | P10: =IF(N10<>C10,1,0) -> 1 | Q10: =IF(O10<>C10,1,0) -> 1
A11: AKSEN | B11: 2025/09 | C11: KESİN | D11: -17176.05 | E11: 5974.373 | F11: 0 | H11: 1 | I11: Kira anapara | J11: 0 | K11: 45.897 | L11: =IF(AND(ISNUMBER(K11),ISNUMBER(D11)),IF(D11<>0,K11/ABS(D11),""),"") -> 0.002672151 | M11: =IF(L11="","FCF yok",IF(L11<0.01,"%1 altı",IF(L11<0.05,"%1–5",IF(L11<0.1,"%5–10",IF(L11<0.25,"%10–25","%25 üstü"))))) -> %1 altı | N11: =IF(OR(C11="NULL",C11="KOŞULLU"),C11,IF(OR(F11=1,H11=1),"KOŞULLU",C11)) -> KOŞULLU | O11: =IF(OR(C11="NULL",C11="KOŞULLU"),C11,IF(H11=1,"KOŞULLU",C11)) -> KOŞULLU | P11: =IF(N11<>C11,1,0) -> 1 | Q11: =IF(O11<>C11,1,0) -> 1
A12: ALCAR | B12: 2025/06 | C12: KOŞULLU | D12: 347.977 | E12: 378.798 | F12: 1 | G12: MDV+MODV alımı | H12: 1 | I12: Kira anapara | J12: 0 | K12: 1357.15 | L12: =IF(AND(ISNUMBER(K12),ISNUMBER(D12)),IF(D12<>0,K12/ABS(D12),""),"") -> 3.9001141 | M12: =IF(L12="","FCF yok",IF(L12<0.01,"%1 altı",IF(L12<0.05,"%1–5",IF(L12<0.1,"%5–10",IF(L12<0.25,"%10–25","%25 üstü"))))) -> %25 üstü | N12: =IF(OR(C12="NULL",C12="KOŞULLU"),C12,IF(OR(F12=1,H12=1),"KOŞULLU",C12)) -> KOŞULLU | O12: =IF(OR(C12="NULL",C12="KOŞULLU"),C12,IF(H12=1,"KOŞULLU",C12)) -> KOŞULLU | P12: =IF(N12<>C12,1,0) -> 0 | Q12: =IF(O12<>C12,1,0) -> 0
A13: ALCAR | B13: 2026/06 | C13: KESİN | D13: -683.012 | E13: 860.541 | F13: 1 | G13: MDV+MODV alımı | H13: 0 | J13: 1 | K13: 1357.15 | L13: =IF(AND(ISNUMBER(K13),ISNUMBER(D13)),IF(D13<>0,K13/ABS(D13),""),"") -> 1.9870075 | M13: =IF(L13="","FCF yok",IF(L13<0.01,"%1 altı",IF(L13<0.05,"%1–5",IF(L13<0.1,"%5–10",IF(L13<0.25,"%10–25","%25 üstü"))))) -> %25 üstü | N13: =IF(OR(C13="NULL",C13="KOŞULLU"),C13,IF(OR(F13=1,H13=1),"KOŞULLU",C13)) -> KOŞULLU | O13: =IF(OR(C13="NULL",C13="KOŞULLU"),C13,IF(H13=1,"KOŞULLU",C13)) -> KESİN | P13: =IF(N13<>C13,1,0) -> 1 | Q13: =IF(O13<>C13,1,0) -> 0
A14: ALFAS | B14: 2025/03 | C14: KESİN | D14: 1133.119 | E14: 2390.226 | F14: 1 | G14: Kira anapara | H14: 0 | J14: 1 | K14: 1.216 | L14: =IF(AND(ISNUMBER(K14),ISNUMBER(D14)),IF(D14<>0,K14/ABS(D14),""),"") -> 0.0010731441 | M14: =IF(L14="","FCF yok",IF(L14<0.01,"%1 altı",IF(L14<0.05,"%1–5",IF(L14<0.1,"%5–10",IF(L14<0.25,"%10–25","%25 üstü"))))) -> %1 altı | N14: =IF(OR(C14="NULL",C14="KOŞULLU"),C14,IF(OR(F14=1,H14=1),"KOŞULLU",C14)) -> KOŞULLU | O14: =IF(OR(C14="NULL",C14="KOŞULLU"),C14,IF(H14=1,"KOŞULLU",C14)) -> KESİN | P14: =IF(N14<>C14,1,0) -> 1 | Q14: =IF(O14<>C14,1,0) -> 0
A15: ALFAS | B15: 2026/03 | C15: NULL | E15: 1104.957 | F15: 1 | G15: Kira anapara | H15: 0 | J15: 1 | K15: 1.216 | L15: =IF(AND(ISNUMBER(K15),ISNUMBER(D15)),IF(D15<>0,K15/ABS(D15),""),"") | M15: =IF(L15="","FCF yok",IF(L15<0.01,"%1 altı",IF(L15<0.05,"%1–5",IF(L15<0.1,"%5–10",IF(L15<0.25,"%10–25","%25 üstü"))))) -> FCF yok | N15: =IF(OR(C15="NULL",C15="KOŞULLU"),C15,IF(OR(F15=1,H15=1),"KOŞULLU",C15)) -> NULL | O15: =IF(OR(C15="NULL",C15="KOŞULLU"),C15,IF(H15=1,"KOŞULLU",C15)) -> NULL | P15: =IF(N15<>C15,1,0) -> 0 | Q15: =IF(O15<>C15,1,0) -> 0
A16: ARASE | B16: 2025/09 | C16: KOŞULLU | D16: 6903.972 | E16: 6926.653 | F16: 0 | H16: 1 | I16: Kira anapara | J16: 0 | K16: 185.568 | L16: =IF(AND(ISNUMBER(K16),ISNUMBER(D16)),IF(D16<>0,K16/ABS(D16),""),"") -> 0.02687844 | M16: =IF(L16="","FCF yok",IF(L16<0.01,"%1 altı",IF(L16<0.05,"%1–5",IF(L16<0.1,"%5–10",IF(L16<0.25,"%10–25","%25 üstü"))))) -> %1–5 | N16: =IF(OR(C16="NULL",C16="KOŞULLU"),C16,IF(OR(F16=1,H16=1),"KOŞULLU",C16)) -> KOŞULLU | O16: =IF(OR(C16="NULL",C16="KOŞULLU"),C16,IF(H16=1,"KOŞULLU",C16)) -> KOŞULLU | P16: =IF(N16<>C16,1,0) -> 0 | Q16: =IF(O16<>C16,1,0) -> 0
A17: ARENA | B17: 2025/03 | C17: TÜRETİLMİŞ | D17: -2416.314 | E17: -2247.278 | F17: 1 | G17: MDV+MODV alımı | H17: 0 | J17: 1 | K17: 13.459 | L17: =IF(AND(ISNUMBER(K17),ISNUMBER(D17)),IF(D17<>0,K17/ABS(D17),""),"") -> 0.0055700542 | M17: =IF(L17="","FCF yok",IF(L17<0.01,"%1 altı",IF(L17<0.05,"%1–5",IF(L17<0.1,"%5–10",IF(L17<0.25,"%10–25","%25 üstü"))))) -> %1 altı | N17: =IF(OR(C17="NULL",C17="KOŞULLU"),C17,IF(OR(F17=1,H17=1),"KOŞULLU",C17)) -> KOŞULLU | O17: =IF(OR(C17="NULL",C17="KOŞULLU"),C17,IF(H17=1,"KOŞULLU",C17)) -> TÜRETİLMİŞ | P17: =IF(N17<>C17,1,0) -> 1 | Q17: =IF(O17<>C17,1,0) -> 0
A18: ARENA | B18: 2025/09 | C18: TÜRETİLMİŞ | D18: -2044.686 | E18: -1846.846 | F18: 1 | G18: MDV+MODV alımı | H18: 0 | J18: 1 | K18: 7.07 | L18: =IF(AND(ISNUMBER(K18),ISNUMBER(D18)),IF(D18<>0,K18/ABS(D18),""),"") -> 0.0034577436 | M18: =IF(L18="","FCF yok",IF(L18<0.01,"%1 altı",IF(L18<0.05,"%1–5",IF(L18<0.1,"%5–10",IF(L18<0.25,"%10–25","%25 üstü"))))) -> %1 altı | N18: =IF(OR(C18="NULL",C18="KOŞULLU"),C18,IF(OR(F18=1,H18=1),"KOŞULLU",C18)) -> KOŞULLU | O18: =IF(OR(C18="NULL",C18="KOŞULLU"),C18,IF(H18=1,"KOŞULLU",C18)) -> TÜRETİLMİŞ | P18: =IF(N18<>C18,1,0) -> 1 | Q18: =IF(O18<>C18,1,0) -> 0
A19: ARENA | B19: 2026/03 | C19: TÜRETİLMİŞ | D19: 1354.124 | E19: 1640.346 | F19: 1 | G19: Kira anapara | H19: 0 | J19: 1 | K19: 23.396 | L19: =IF(AND(ISNUMBER(K19),ISNUMBER(D19)),IF(D19<>0,K19/ABS(D19),""),"") -> 0.017277591 | M19: =IF(L19="","FCF yok",IF(L19<0.01,"%1 altı",IF(L19<0.05,"%1–5",IF(L19<0.1,"%5–10",IF(L19<0.25,"%10–25","%25 üstü"))))) -> %1–5 | N19: =IF(OR(C19="NULL",C19="KOŞULLU"),C19,IF(OR(F19=1,H19=1),"KOŞULLU",C19)) -> KOŞULLU | O19: =IF(OR(C19="NULL",C19="KOŞULLU"),C19,IF(H19=1,"KOŞULLU",C19)) -> TÜRETİLMİŞ | P19: =IF(N19<>C19,1,0) -> 1 | Q19: =IF(O19<>C19,1,0) -> 0
A20: ARFYE | B20: 2025/09 | C20: NULL | F20: 1 | G20: MDV+MODV alımı | H20: 0 | J20: 0 | K20: 5.366 | L20: =IF(AND(ISNUMBER(K20),ISNUMBER(D20)),IF(D20<>0,K20/ABS(D20),""),"") | M20: =IF(L20="","FCF yok",IF(L20<0.01,"%1 altı",IF(L20<0.05,"%1–5",IF(L20<0.1,"%5–10",IF(L20<0.25,"%10–25","%25 üstü"))))) -> FCF yok | N20: =IF(OR(C20="NULL",C20="KOŞULLU"),C20,IF(OR(F20=1,H20=1),"KOŞULLU",C20)) -> NULL | O20: =IF(OR(C20="NULL",C20="KOŞULLU"),C20,IF(H20=1,"KOŞULLU",C20)) -> NULL | P20: =IF(N20<>C20,1,0) -> 0 | Q20: =IF(O20<>C20,1,0) -> 0
A21: ARSAN | B21: 2025/03 | C21: NULL | E21: 891.031 | F21: 0 | H21: 1 | I21: MDV+MODV alımı | J21: 0 | K21: 108.647 | L21: =IF(AND(ISNUMBER(K21),ISNUMBER(D21)),IF(D21<>0,K21/ABS(D21),""),"") | M21: =IF(L21="","FCF yok",IF(L21<0.01,"%1 altı",IF(L21<0.05,"%1–5",IF(L21<0.1,"%5–10",IF(L21<0.25,"%10–25","%25 üstü"))))) -> FCF yok | N21: =IF(OR(C21="NULL",C21="KOŞULLU"),C21,IF(OR(F21=1,H21=1),"KOŞULLU",C21)) -> NULL | O21: =IF(OR(C21="NULL",C21="KOŞULLU"),C21,IF(H21=1,"KOŞULLU",C21)) -> NULL | P21: =IF(N21<>C21,1,0) -> 0 | Q21: =IF(O21<>C21,1,0) -> 0
A22: ARSAN | B22: 2025/06 | C22: KOŞULLU | D22: 1086.873 | E22: 1159.211 | F22: 0 | H22: 1 | I22: MDV+MODV alımı | J22: 0 | K22: 21.385 | L22: =IF(AND(ISNUMBER(K22),ISNUMBER(D22)),IF(D22<>0,K22/ABS(D22),""),"") -> 0.019675711 | M22: =IF(L22="","FCF yok",IF(L22<0.01,"%1 altı",IF(L22<0.05,"%1–5",IF(L22<0.1,"%5–10",IF(L22<0.25,"%10–25","%25 üstü"))))) -> %1–5 | N22: =IF(OR(C22="NULL",C22="KOŞULLU"),C22,IF(OR(F22=1,H22=1),"KOŞULLU",C22)) -> KOŞULLU | O22: =IF(OR(C22="NULL",C22="KOŞULLU"),C22,IF(H22=1,"KOŞULLU",C22)) -> KOŞULLU | P22: =IF(N22<>C22,1,0) -> 0 | Q22: =IF(O22<>C22,1,0) -> 0
A23: ARSAN | B23: 2025/09 | C23: NULL | E23: 1523.524 | F23: 0 | H23: 1 | I23: MDV+MODV alımı | J23: 0 | K23: 30.238 | L23: =IF(AND(ISNUMBER(K23),ISNUMBER(D23)),IF(D23<>0,K23/ABS(D23),""),"") | M23: =IF(L23="","FCF yok",IF(L23<0.01,"%1 altı",IF(L23<0.05,"%1–5",IF(L23<0.1,"%5–10",IF(L23<0.25,"%10–25","%25 üstü"))))) -> FCF yok | N23: =IF(OR(C23="NULL",C23="KOŞULLU"),C23,IF(OR(F23=1,H23=1),"KOŞULLU",C23)) -> NULL | O23: =IF(OR(C23="NULL",C23="KOŞULLU"),C23,IF(H23=1,"KOŞULLU",C23)) -> NULL | P23: =IF(N23<>C23,1,0) -> 0 | Q23: =IF(O23<>C23,1,0) -> 0
A24: ASUZU | B24: 2025/09 | C24: KOŞULLU | D24: -1566.203 | E24: 521.732 | F24: 1 | G24: Kira anapara | H24: 0 | J24: 1 | K24: 16.624 | L24: =IF(AND(ISNUMBER(K24),ISNUMBER(D24)),IF(D24<>0,K24/ABS(D24),""),"") -> 0.010614205 | M24: =IF(L24="","FCF yok",IF(L24<0.01,"%1 altı",IF(L24<0.05,"%1–5",IF(L24<0.1,"%5–10",IF(L24<0.25,"%10–25","%25 üstü"))))) -> %1–5 | N24: =IF(OR(C24="NULL",C24="KOŞULLU"),C24,IF(OR(F24=1,H24=1),"KOŞULLU",C24)) -> KOŞULLU | O24: =IF(OR(C24="NULL",C24="KOŞULLU"),C24,IF(H24=1,"KOŞULLU",C24)) -> KOŞULLU | P24: =IF(N24<>C24,1,0) -> 0 | Q24: =IF(O24<>C24,1,0) -> 0
A25: ASUZU | B25: 2026/03 | C25: KESİN | D25: -210.719 | E25: 1480.526 | F25: 0 | H25: 1 | I25: Kira anapara | J25: 0 | K25: 17.887 | L25: =IF(AND(ISNUMBER(K25),ISNUMBER(D25)),IF(D25<>0,K25/ABS(D25),""),"") -> 0.084885558 | M25: =IF(L25="","FCF yok",IF(L25<0.01,"%1 altı",IF(L25<0.05,"%1–5",IF(L25<0.1,"%5–10",IF(L25<0.25,"%10–25","%25 üstü"))))) -> %5–10 | N25: =IF(OR(C25="NULL",C25="KOŞULLU"),C25,IF(OR(F25=1,H25=1),"KOŞULLU",C25)) -> KOŞULLU | O25: =IF(OR(C25="NULL",C25="KOŞULLU"),C25,IF(H25=1,"KOŞULLU",C25)) -> KOŞULLU | P25: =IF(N25<>C25,1,0) -> 1 | Q25: =IF(O25<>C25,1,0) -> 1
A26: ATATP | B26: 2025/03 | C26: KESİN | D26: 246.597 | E26: 1276.887 | F26: 1 | G26: Kira anapara | H26: 0 | J26: 1 | K26: 15.499 | L26: =IF(AND(ISNUMBER(K26),ISNUMBER(D26)),IF(D26<>0,K26/ABS(D26),""),"") -> 0.062851535 | M26: =IF(L26="","FCF yok",IF(L26<0.01,"%1 altı",IF(L26<0.05,"%1–5",IF(L26<0.1,"%5–10",IF(L26<0.25,"%10–25","%25 üstü"))))) -> %5–10 | N26: =IF(OR(C26="NULL",C26="KOŞULLU"),C26,IF(OR(F26=1,H26=1),"KOŞULLU",C26)) -> KOŞULLU | O26: =IF(OR(C26="NULL",C26="KOŞULLU"),C26,IF(H26=1,"KOŞULLU",C26)) -> KESİN | P26: =IF(N26<>C26,1,0) -> 1 | Q26: =IF(O26<>C26,1,0) -> 0
A27: ATATP | B27: 2025/06 | C27: KOŞULLU | D27: 2684.536 | E27: 3630.686 | F27: 1 | G27: Kira anapara | H27: 0 | J27: 1 | K27: 28.537 | L27: =IF(AND(ISNUMBER(K27),ISNUMBER(D27)),IF(D27<>0,K27/ABS(D27),""),"") -> 0.010630142 | M27: =IF(L27="","FCF yok",IF(L27<0.01,"%1 altı",IF(L27<0.05,"%1–5",IF(L27<0.1,"%5–10",IF(L27<0.25,"%10–25","%25 üstü"))))) -> %1–5 | N27: =IF(OR(C27="NULL",C27="KOŞULLU"),C27,IF(OR(F27=1,H27=1),"KOŞULLU",C27)) -> KOŞULLU | O27: =IF(OR(C27="NULL",C27="KOŞULLU"),C27,IF(H27=1,"KOŞULLU",C27)) -> KOŞULLU | P27: =IF(N27<>C27,1,0) -> 0 | Q27: =IF(O27<>C27,1,0) -> 0
A28: ATEKS | B28: 2025/03 | C28: NULL | E28: 87.966 | F28: 0 | H28: 1 | I28: MDV+MODV alımı | J28: 0 | K28: 52.701 | L28: =IF(AND(ISNUMBER(K28),ISNUMBER(D28)),IF(D28<>0,K28/ABS(D28),""),"") | M28: =IF(L28="","FCF yok",IF(L28<0.01,"%1 altı",IF(L28<0.05,"%1–5",IF(L28<0.1,"%5–10",IF(L28<0.25,"%10–25","%25 üstü"))))) -> FCF yok | N28: =IF(OR(C28="NULL",C28="KOŞULLU"),C28,IF(OR(F28=1,H28=1),"KOŞULLU",C28)) -> NULL | O28: =IF(OR(C28="NULL",C28="KOŞULLU"),C28,IF(H28=1,"KOŞULLU",C28)) -> NULL | P28: =IF(N28<>C28,1,0) -> 0 | Q28: =IF(O28<>C28,1,0) -> 0
A29: ATEKS | B29: 2025/09 | C29: NULL | E29: 53.248 | F29: 1 | G29: Kira anapara | H29: 1 | I29: MDV+MODV alımı | J29: 0 | K29: 30.397 | L29: =IF(AND(ISNUMBER(K29),ISNUMBER(D29)),IF(D29<>0,K29/ABS(D29),""),"") | M29: =IF(L29="","FCF yok",IF(L29<0.01,"%1 altı",IF(L29<0.05,"%1–5",IF(L29<0.1,"%5–10",IF(L29<0.25,"%10–25","%25 üstü"))))) -> FCF yok | N29: =IF(OR(C29="NULL",C29="KOŞULLU"),C29,IF(OR(F29=1,H29=1),"KOŞULLU",C29)) -> NULL | O29: =IF(OR(C29="NULL",C29="KOŞULLU"),C29,IF(H29=1,"KOŞULLU",C29)) -> NULL | P29: =IF(N29<>C29,1,0) -> 0 | Q29: =IF(O29<>C29,1,0) -> 0
A30: AVHOL | B30: 2025/03 | C30: NULL | E30: 82.941 | F30: 1 | G30: Kira anapara | H30: 0 | J30: 0 | K30: 63.665 | L30: =IF(AND(ISNUMBER(K30),ISNUMBER(D30)),IF(D30<>0,K30/ABS(D30),""),"") | M30: =IF(L30="","FCF yok",IF(L30<0.01,"%1 altı",IF(L30<0.05,"%1–5",IF(L30<0.1,"%5–10",IF(L30<0.25,"%10–25","%25 üstü"))))) -> FCF yok | N30: =IF(OR(C30="NULL",C30="KOŞULLU"),C30,IF(OR(F30=1,H30=1),"KOŞULLU",C30)) -> NULL | O30: =IF(OR(C30="NULL",C30="KOŞULLU"),C30,IF(H30=1,"KOŞULLU",C30)) -> NULL | P30: =IF(N30<>C30,1,0) -> 0 | Q30: =IF(O30<>C30,1,0) -> 0
A31: AVTUR | B31: 2026/03 | C31: KESİN | D31: 53.536 | E31: 53.536 | F31: 1 | G31: MDV+MODV alımı | H31: 0 | J31: 0 | K31: 1.894 | L31: =IF(AND(ISNUMBER(K31),ISNUMBER(D31)),IF(D31<>0,K31/ABS(D31),""),"") -> 0.035378063 | M31: =IF(L31="","FCF yok",IF(L31<0.01,"%1 altı",IF(L31<0.05,"%1–5",IF(L31<0.1,"%5–10",IF(L31<0.25,"%10–25","%25 üstü"))))) -> %1–5 | N31: =IF(OR(C31="NULL",C31="KOŞULLU"),C31,IF(OR(F31=1,H31=1),"KOŞULLU",C31)) -> KOŞULLU | O31: =IF(OR(C31="NULL",C31="KOŞULLU"),C31,IF(H31=1,"KOŞULLU",C31)) -> KESİN | P31: =IF(N31<>C31,1,0) -> 1 | Q31: =IF(O31<>C31,1,0) -> 0
A32: AVTUR | B32: 2026/06 | C32: KESİN | D32: -51.779 | E32: -51.779 | F32: 1 | G32: MDV+MODV alımı | H32: 0 | J32: 0 | K32: 8.742 | L32: =IF(AND(ISNUMBER(K32),ISNUMBER(D32)),IF(D32<>0,K32/ABS(D32),""),"") -> 0.16883292 | M32: =IF(L32="","FCF yok",IF(L32<0.01,"%1 altı",IF(L32<0.05,"%1–5",IF(L32<0.1,"%5–10",IF(L32<0.25,"%10–25","%25 üstü"))))) -> %10–25 | N32: =IF(OR(C32="NULL",C32="KOŞULLU"),C32,IF(OR(F32=1,H32=1),"KOŞULLU",C32)) -> KOŞULLU | O32: =IF(OR(C32="NULL",C32="KOŞULLU"),C32,IF(H32=1,"KOŞULLU",C32)) -> KESİN | P32: =IF(N32<>C32,1,0) -> 1 | Q32: =IF(O32<>C32,1,0) -> 0
A33: AYCES | B33: 2025/03 | C33: KESİN | D33: -38.131 | E33: 13.962 | F33: 1 | G33: Kira anapara | H33: 0 | J33: 1 | K33: 5.223 | L33: =IF(AND(ISNUMBER(K33),ISNUMBER(D33)),IF(D33<>0,K33/ABS(D33),""),"") -> 0.13697516 | M33: =IF(L33="","FCF yok",IF(L33<0.01,"%1 altı",IF(L33<0.05,"%1–5",IF(L33<0.1,"%5–10",IF(L33<0.25,"%10–25","%25 üstü"))))) -> %10–25 | N33: =IF(OR(C33="NULL",C33="KOŞULLU"),C33,IF(OR(F33=1,H33=1),"KOŞULLU",C33)) -> KOŞULLU | O33: =IF(OR(C33="NULL",C33="KOŞULLU"),C33,IF(H33=1,"KOŞULLU",C33)) -> KESİN | P33: =IF(N33<>C33,1,0) -> 1 | Q33: =IF(O33<>C33,1,0) -> 0
A34: AYCES | B34: 2026/03 | C34: KESİN | D34: -5.132 | E34: 62.873 | F34: 1 | G34: Kira anapara | H34: 0 | J34: 1 | K34: 5.223 | L34: =IF(AND(ISNUMBER(K34),ISNUMBER(D34)),IF(D34<>0,K34/ABS(D34),""),"") -> 1.0177319 | M34: =IF(L34="","FCF yok",IF(L34<0.01,"%1 altı",IF(L34<0.05,"%1–5",IF(L34<0.1,"%5–10",IF(L34<0.25,"%10–25","%25 üstü"))))) -> %25 üstü | N34: =IF(OR(C34="NULL",C34="KOŞULLU"),C34,IF(OR(F34=1,H34=1),"KOŞULLU",C34)) -> KOŞULLU | O34: =IF(OR(C34="NULL",C34="KOŞULLU"),C34,IF(H34=1,"KOŞULLU",C34)) -> KESİN | P34: =IF(N34<>C34,1,0) -> 1 | Q34: =IF(O34<>C34,1,0) -> 0
A35: AYEN | B35: 2025/06 | C35: KESİN | D35: 2240.605 | E35: 2288.699 | F35: 0 | H35: 1 | I35: MDV+MODV alımı | J35: 0 | K35: 11.266 | L35: =IF(AND(ISNUMBER(K35),ISNUMBER(D35)),IF(D35<>0,K35/ABS(D35),""),"") -> 0.0050281062 | M35: =IF(L35="","FCF yok",IF(L35<0.01,"%1 altı",IF(L35<0.05,"%1–5",IF(L35<0.1,"%5–10",IF(L35<0.25,"%10–25","%25 üstü"))))) -> %1 altı | N35: =IF(OR(C35="NULL",C35="KOŞULLU"),C35,IF(OR(F35=1,H35=1),"KOŞULLU",C35)) -> KOŞULLU | O35: =IF(OR(C35="NULL",C35="KOŞULLU"),C35,IF(H35=1,"KOŞULLU",C35)) -> KOŞULLU | P35: =IF(N35<>C35,1,0) -> 1 | Q35: =IF(O35<>C35,1,0) -> 1
A36: AYEN | B36: 2025/09 | C36: KESİN | D36: 2434.691 | E36: 2476.232 | F36: 0 | H36: 1 | I36: MDV+MODV alımı | J36: 0 | K36: 11.691 | L36: =IF(AND(ISNUMBER(K36),ISNUMBER(D36)),IF(D36<>0,K36/ABS(D36),""),"") -> 0.0048018414 | M36: =IF(L36="","FCF yok",IF(L36<0.01,"%1 altı",IF(L36<0.05,"%1–5",IF(L36<0.1,"%5–10",IF(L36<0.25,"%10–25","%25 üstü"))))) -> %1 altı | N36: =IF(OR(C36="NULL",C36="KOŞULLU"),C36,IF(OR(F36=1,H36=1),"KOŞULLU",C36)) -> KOŞULLU | O36: =IF(OR(C36="NULL",C36="KOŞULLU"),C36,IF(H36=1,"KOŞULLU",C36)) -> KOŞULLU | P36: =IF(N36<>C36,1,0) -> 1 | Q36: =IF(O36<>C36,1,0) -> 1
A37: BAKAB | B37: 2025/03 | C37: KESİN | D37: 80.46 | E37: 213.956 | F37: 1 | G37: Kira anapara | H37: 0 | J37: 1 | K37: 15.416 | L37: =IF(AND(ISNUMBER(K37),ISNUMBER(D37)),IF(D37<>0,K37/ABS(D37),""),"") -> 0.19159831 | M37: =IF(L37="","FCF yok",IF(L37<0.01,"%1 altı",IF(L37<0.05,"%1–5",IF(L37<0.1,"%5–10",IF(L37<0.25,"%10–25","%25 üstü"))))) -> %10–25 | N37: =IF(OR(C37="NULL",C37="KOŞULLU"),C37,IF(OR(F37=1,H37=1),"KOŞULLU",C37)) -> KOŞULLU | O37: =IF(OR(C37="NULL",C37="KOŞULLU"),C37,IF(H37=1,"KOŞULLU",C37)) -> KESİN | P37: =IF(N37<>C37,1,0) -> 1 | Q37: =IF(O37<>C37,1,0) -> 0
A38: BAKAB | B38: 2025/09 | C38: KESİN | D38: 20.904 | E38: 191.768 | F38: 1 | G38: Kira anapara | H38: 0 | J38: 1 | K38: 12.935 | L38: =IF(AND(ISNUMBER(K38),ISNUMBER(D38)),IF(D38<>0,K38/ABS(D38),""),"") -> 0.61878109 | M38: =IF(L38="","FCF yok",IF(L38<0.01,"%1 altı",IF(L38<0.05,"%1–5",IF(L38<0.1,"%5–10",IF(L38<0.25,"%10–25","%25 üstü"))))) -> %25 üstü | N38: =IF(OR(C38="NULL",C38="KOŞULLU"),C38,IF(OR(F38=1,H38=1),"KOŞULLU",C38)) -> KOŞULLU | O38: =IF(OR(C38="NULL",C38="KOŞULLU"),C38,IF(H38=1,"KOŞULLU",C38)) -> KESİN | P38: =IF(N38<>C38,1,0) -> 1 | Q38: =IF(O38<>C38,1,0) -> 0
A39: BAKAB | B39: 2026/03 | C39: KESİN | D39: 155.595 | E39: 285.429 | F39: 1 | G39: Kira anapara | H39: 0 | J39: 1 | K39: 5.674 | L39: =IF(AND(ISNUMBER(K39),ISNUMBER(D39)),IF(D39<>0,K39/ABS(D39),""),"") -> 0.036466467 | M39: =IF(L39="","FCF yok",IF(L39<0.01,"%1 altı",IF(L39<0.05,"%1–5",IF(L39<0.1,"%5–10",IF(L39<0.25,"%10–25","%25 üstü"))))) -> %1–5 | N39: =IF(OR(C39="NULL",C39="KOŞULLU"),C39,IF(OR(F39=1,H39=1),"KOŞULLU",C39)) -> KOŞULLU | O39: =IF(OR(C39="NULL",C39="KOŞULLU"),C39,IF(H39=1,"KOŞULLU",C39)) -> KESİN | P39: =IF(N39<>C39,1,0) -> 1 | Q39: =IF(O39<>C39,1,0) -> 0
A40: BAKAB | B40: 2026/06 | C40: KESİN | D40: 204.403 | E40: 338.81 | F40: 0 | H40: 1 | I40: Kira anapara | J40: 0 | K40: 4.075 | L40: =IF(AND(ISNUMBER(K40),ISNUMBER(D40)),IF(D40<>0,K40/ABS(D40),""),"") -> 0.019936107 | M40: =IF(L40="","FCF yok",IF(L40<0.01,"%1 altı",IF(L40<0.05,"%1–5",IF(L40<0.1,"%5–10",IF(L40<0.25,"%10–25","%25 üstü"))))) -> %1–5 | N40: =IF(OR(C40="NULL",C40="KOŞULLU"),C40,IF(OR(F40=1,H40=1),"KOŞULLU",C40)) -> KOŞULLU | O40: =IF(OR(C40="NULL",C40="KOŞULLU"),C40,IF(H40=1,"KOŞULLU",C40)) -> KOŞULLU | P40: =IF(N40<>C40,1,0) -> 1 | Q40: =IF(O40<>C40,1,0) -> 1
A41: BALSU | B41: 2025/03 | C41: NULL | F41: 1 | G41: MDV+MODV alımı | H41: 0 | J41: 0 | K41: 782.488 | L41: =IF(AND(ISNUMBER(K41),ISNUMBER(D41)),IF(D41<>0,K41/ABS(D41),""),"") | M41: =IF(L41="","FCF yok",IF(L41<0.01,"%1 altı",IF(L41<0.05,"%1–5",IF(L41<0.1,"%5–10",IF(L41<0.25,"%10–25","%25 üstü"))))) -> FCF yok | N41: =IF(OR(C41="NULL",C41="KOŞULLU"),C41,IF(OR(F41=1,H41=1),"KOŞULLU",C41)) -> NULL | O41: =IF(OR(C41="NULL",C41="KOŞULLU"),C41,IF(H41=1,"KOŞULLU",C41)) -> NULL | P41: =IF(N41<>C41,1,0) -> 0 | Q41: =IF(O41<>C41,1,0) -> 0
A42: BALSU | B42: 2026/03 | C42: TÜRETİLMİŞ | D42: -6902.632 | E42: -4855.654 | F42: 1 | G42: MDV+MODV alımı | H42: 0 | J42: 1 | K42: 782.488 | L42: =IF(AND(ISNUMBER(K42),ISNUMBER(D42)),IF(D42<>0,K42/ABS(D42),""),"") -> 0.11336082 | M42: =IF(L42="","FCF yok",IF(L42<0.01,"%1 altı",IF(L42<0.05,"%1–5",IF(L42<0.1,"%5–10",IF(L42<0.25,"%10–25","%25 üstü"))))) -> %10–25 | N42: =IF(OR(C42="NULL",C42="KOŞULLU"),C42,IF(OR(F42=1,H42=1),"KOŞULLU",C42)) -> KOŞULLU | O42: =IF(OR(C42="NULL",C42="KOŞULLU"),C42,IF(H42=1,"KOŞULLU",C42)) -> TÜRETİLMİŞ | P42: =IF(N42<>C42,1,0) -> 1 | Q42: =IF(O42<>C42,1,0) -> 0
A43: BANVT | B43: 2025/03 | C43: TÜRETİLMİŞ | D43: 5420.021 | E43: 5988.29 | F43: 1 | G43: Kira anapara | H43: 1 | I43: MDV+MODV alımı | J43: 1 | K43: 354.31 | L43: =IF(AND(ISNUMBER(K43),ISNUMBER(D43)),IF(D43<>0,K43/ABS(D43),""),"") -> 0.065370595 | M43: =IF(L43="","FCF yok",IF(L43<0.01,"%1 altı",IF(L43<0.05,"%1–5",IF(L43<0.1,"%5–10",IF(L43<0.25,"%10–25","%25 üstü"))))) -> %5–10 | N43: =IF(OR(C43="NULL",C43="KOŞULLU"),C43,IF(OR(F43=1,H43=1),"KOŞULLU",C43)) -> KOŞULLU | O43: =IF(OR(C43="NULL",C43="KOŞULLU"),C43,IF(H43=1,"KOŞULLU",C43)) -> KOŞULLU | P43: =IF(N43<>C43,1,0) -> 1 | Q43: =IF(O43<>C43,1,0) -> 1
A44: BESLR | B44: 2025/06 | C44: KESİN | D44: 1610.519 | E44: 2205.467 | F44: 0 | H44: 1 | I44: Kira anapara | J44: 0 | K44: 63.503 | L44: =IF(AND(ISNUMBER(K44),ISNUMBER(D44)),IF(D44<>0,K44/ABS(D44),""),"") -> 0.039430146 | M44: =IF(L44="","FCF yok",IF(L44<0.01,"%1 altı",IF(L44<0.05,"%1–5",IF(L44<0.1,"%5–10",IF(L44<0.25,"%10–25","%25 üstü"))))) -> %1–5 | N44: =IF(OR(C44="NULL",C44="KOŞULLU"),C44,IF(OR(F44=1,H44=1),"KOŞULLU",C44)) -> KOŞULLU | O44: =IF(OR(C44="NULL",C44="KOŞULLU"),C44,IF(H44=1,"KOŞULLU",C44)) -> KOŞULLU | P44: =IF(N44<>C44,1,0) -> 1 | Q44: =IF(O44<>C44,1,0) -> 1
A45: BESLR | B45: 2025/09 | C45: KOŞULLU | D45: -231.592 | E45: 546.447 | F45: 0 | H45: 1 | I45: Kira anapara | J45: 0 | K45: 44.313 | L45: =IF(AND(ISNUMBER(K45),ISNUMBER(D45)),IF(D45<>0,K45/ABS(D45),""),"") -> 0.19134081 | M45: =IF(L45="","FCF yok",IF(L45<0.01,"%1 altı",IF(L45<0.05,"%1–5",IF(L45<0.1,"%5–10",IF(L45<0.25,"%10–25","%25 üstü"))))) -> %10–25 | N45: =IF(OR(C45="NULL",C45="KOŞULLU"),C45,IF(OR(F45=1,H45=1),"KOŞULLU",C45)) -> KOŞULLU | O45: =IF(OR(C45="NULL",C45="KOŞULLU"),C45,IF(H45=1,"KOŞULLU",C45)) -> KOŞULLU | P45: =IF(N45<>C45,1,0) -> 0 | Q45: =IF(O45<>C45,1,0) -> 0
A46: BESLR | B46: 2026/03 | C46: KOŞULLU | D46: -1430.08 | E46: -455.226 | F46: 0 | H46: 1 | I46: Kira anapara | J46: 0 | K46: 8.57 | L46: =IF(AND(ISNUMBER(K46),ISNUMBER(D46)),IF(D46<>0,K46/ABS(D46),""),"") -> 0.0059926717 | M46: =IF(L46="","FCF yok",IF(L46<0.01,"%1 altı",IF(L46<0.05,"%1–5",IF(L46<0.1,"%5–10",IF(L46<0.25,"%10–25","%25 üstü"))))) -> %1 altı | N46: =IF(OR(C46="NULL",C46="KOŞULLU"),C46,IF(OR(F46=1,H46=1),"KOŞULLU",C46)) -> KOŞULLU | O46: =IF(OR(C46="NULL",C46="KOŞULLU"),C46,IF(H46=1,"KOŞULLU",C46)) -> KOŞULLU | P46: =IF(N46<>C46,1,0) -> 0 | Q46: =IF(O46<>C46,1,0) -> 0
A47: BESLR | B47: 2026/06 | C47: KOŞULLU | D47: -733.385 | E47: 336.817 | F47: 0 | H47: 1 | I47: Kira anapara | J47: 0 | K47: 29.36 | L47: =IF(AND(ISNUMBER(K47),ISNUMBER(D47)),IF(D47<>0,K47/ABS(D47),""),"") -> 0.040033543 | M47: =IF(L47="","FCF yok",IF(L47<0.01,"%1 altı",IF(L47<0.05,"%1–5",IF(L47<0.1,"%5–10",IF(L47<0.25,"%10–25","%25 üstü"))))) -> %1–5 | N47: =IF(OR(C47="NULL",C47="KOŞULLU"),C47,IF(OR(F47=1,H47=1),"KOŞULLU",C47)) -> KOŞULLU | O47: =IF(OR(C47="NULL",C47="KOŞULLU"),C47,IF(H47=1,"KOŞULLU",C47)) -> KOŞULLU | P47: =IF(N47<>C47,1,0) -> 0 | Q47: =IF(O47<>C47,1,0) -> 0
A48: BESTE | B48: 2025/03 | C48: NULL | F48: 1 | G48: Kira anapara | H48: 0 | J48: 0 | K48: 3.648 | L48: =IF(AND(ISNUMBER(K48),ISNUMBER(D48)),IF(D48<>0,K48/ABS(D48),""),"") | M48: =IF(L48="","FCF yok",IF(L48<0.01,"%1 altı",IF(L48<0.05,"%1–5",IF(L48<0.1,"%5–10",IF(L48<0.25,"%10–25","%25 üstü"))))) -> FCF yok | N48: =IF(OR(C48="NULL",C48="KOŞULLU"),C48,IF(OR(F48=1,H48=1),"KOŞULLU",C48)) -> NULL | O48: =IF(OR(C48="NULL",C48="KOŞULLU"),C48,IF(H48=1,"KOŞULLU",C48)) -> NULL | P48: =IF(N48<>C48,1,0) -> 0 | Q48: =IF(O48<>C48,1,0) -> 0
A49: BESTE | B49: 2025/06 | C49: NULL | F49: 1 | G49: Kira anapara | H49: 0 | J49: 0 | K49: 18.949 | L49: =IF(AND(ISNUMBER(K49),ISNUMBER(D49)),IF(D49<>0,K49/ABS(D49),""),"") | M49: =IF(L49="","FCF yok",IF(L49<0.01,"%1 altı",IF(L49<0.05,"%1–5",IF(L49<0.1,"%5–10",IF(L49<0.25,"%10–25","%25 üstü"))))) -> FCF yok | N49: =IF(OR(C49="NULL",C49="KOŞULLU"),C49,IF(OR(F49=1,H49=1),"KOŞULLU",C49)) -> NULL | O49: =IF(OR(C49="NULL",C49="KOŞULLU"),C49,IF(H49=1,"KOŞULLU",C49)) -> NULL | P49: =IF(N49<>C49,1,0) -> 0 | Q49: =IF(O49<>C49,1,0) -> 0
A50: BESTE | B50: 2026/03 | C50: NULL | E50: 249.428 | F50: 1 | G50: Kira anapara | H50: 0 | J50: 0 | K50: 3.648 | L50: =IF(AND(ISNUMBER(K50),ISNUMBER(D50)),IF(D50<>0,K50/ABS(D50),""),"") | M50: =IF(L50="","FCF yok",IF(L50<0.01,"%1 altı",IF(L50<0.05,"%1–5",IF(L50<0.1,"%5–10",IF(L50<0.25,"%10–25","%25 üstü"))))) -> FCF yok | N50: =IF(OR(C50="NULL",C50="KOŞULLU"),C50,IF(OR(F50=1,H50=1),"KOŞULLU",C50)) -> NULL | O50: =IF(OR(C50="NULL",C50="KOŞULLU"),C50,IF(H50=1,"KOŞULLU",C50)) -> NULL | P50: =IF(N50<>C50,1,0) -> 0 | Q50: =IF(O50<>C50,1,0) -> 0
A51: BESTE | B51: 2026/06 | C51: NULL | E51: 232.069 | F51: 1 | G51: Kira anapara | H51: 0 | J51: 0 | K51: 18.949 | L51: =IF(AND(ISNUMBER(K51),ISNUMBER(D51)),IF(D51<>0,K51/ABS(D51),""),"") | M51: =IF(L51="","FCF yok",IF(L51<0.01,"%1 altı",IF(L51<0.05,"%1–5",IF(L51<0.1,"%5–10",IF(L51<0.25,"%10–25","%25 üstü"))))) -> FCF yok | N51: =IF(OR(C51="NULL",C51="KOŞULLU"),C51,IF(OR(F51=1,H51=1),"KOŞULLU",C51)) -> NULL | O51: =IF(OR(C51="NULL",C51="KOŞULLU"),C51,IF(H51=1,"KOŞULLU",C51)) -> NULL | P51: =IF(N51<>C51,1,0) -> 0 | Q51: =IF(O51<>C51,1,0) -> 0
A52: BIENY | B52: 2026/03 | C52: KESİN | D52: -234.502 | E52: 2629.875 | F52: 0 | H52: 1 | I52: Kira anapara | J52: 0 | K52: 61.015 | L52: =IF(AND(ISNUMBER(K52),ISNUMBER(D52)),IF(D52<>0,K52/ABS(D52),""),"") -> 0.26018968 | M52: =IF(L52="","FCF yok",IF(L52<0.01,"%1 altı",IF(L52<0.05,"%1–5",IF(L52<0.1,"%5–10",IF(L52<0.25,"%10–25","%25 üstü"))))) -> %25 üstü | N52: =IF(OR(C52="NULL",C52="KOŞULLU"),C52,IF(OR(F52=1,H52=1),"KOŞULLU",C52)) -> KOŞULLU | O52: =IF(OR(C52="NULL",C52="KOŞULLU"),C52,IF(H52=1,"KOŞULLU",C52)) -> KOŞULLU | P52: =IF(N52<>C52,1,0) -> 1 | Q52: =IF(O52<>C52,1,0) -> 1
A53: BINBN | B53: 2025/09 | C53: NULL | E53: -966.447 | F53: 0 | H53: 1 | I53: MDV+MODV alımı | J53: 0 | K53: 30.201 | L53: =IF(AND(ISNUMBER(K53),ISNUMBER(D53)),IF(D53<>0,K53/ABS(D53),""),"") | M53: =IF(L53="","FCF yok",IF(L53<0.01,"%1 altı",IF(L53<0.05,"%1–5",IF(L53<0.1,"%5–10",IF(L53<0.25,"%10–25","%25 üstü"))))) -> FCF yok | N53: =IF(OR(C53="NULL",C53="KOŞULLU"),C53,IF(OR(F53=1,H53=1),"KOŞULLU",C53)) -> NULL | O53: =IF(OR(C53="NULL",C53="KOŞULLU"),C53,IF(H53=1,"KOŞULLU",C53)) -> NULL | P53: =IF(N53<>C53,1,0) -> 0 | Q53: =IF(O53<>C53,1,0) -> 0
A54: BLCYT | B54: 2026/03 | C54: NULL | E54: 732.005 | F54: 1 | G54: MDV+MODV alımı | H54: 0 | J54: 0 | K54: 14.773 | L54: =IF(AND(ISNUMBER(K54),ISNUMBER(D54)),IF(D54<>0,K54/ABS(D54),""),"") | M54: =IF(L54="","FCF yok",IF(L54<0.01,"%1 altı",IF(L54<0.05,"%1–5",IF(L54<0.1,"%5–10",IF(L54<0.25,"%10–25","%25 üstü"))))) -> FCF yok | N54: =IF(OR(C54="NULL",C54="KOŞULLU"),C54,IF(OR(F54=1,H54=1),"KOŞULLU",C54)) -> NULL | O54: =IF(OR(C54="NULL",C54="KOŞULLU"),C54,IF(H54=1,"KOŞULLU",C54)) -> NULL | P54: =IF(N54<>C54,1,0) -> 0 | Q54: =IF(O54<>C54,1,0) -> 0
A55: BLUME | B55: 2025/03 | C55: TÜRETİLMİŞ | D55: 51.914 | E55: 74.168 | F55: 1 | G55: MDV+MODV alımı | H55: 0 | J55: 1 | K55: 1.256 | L55: =IF(AND(ISNUMBER(K55),ISNUMBER(D55)),IF(D55<>0,K55/ABS(D55),""),"") -> 0.024193859 | M55: =IF(L55="","FCF yok",IF(L55<0.01,"%1 altı",IF(L55<0.05,"%1–5",IF(L55<0.1,"%5–10",IF(L55<0.25,"%10–25","%25 üstü"))))) -> %1–5 | N55: =IF(OR(C55="NULL",C55="KOŞULLU"),C55,IF(OR(F55=1,H55=1),"KOŞULLU",C55)) -> KOŞULLU | O55: =IF(OR(C55="NULL",C55="KOŞULLU"),C55,IF(H55=1,"KOŞULLU",C55)) -> TÜRETİLMİŞ | P55: =IF(N55<>C55,1,0) -> 1 | Q55: =IF(O55<>C55,1,0) -> 0
A56: BLUME | B56: 2025/06 | C56: TÜRETİLMİŞ | D56: 114.687 | E56: 136.359 | F56: 1 | G56: MDV+MODV alımı | H56: 0 | J56: 1 | K56: 0.758 | L56: =IF(AND(ISNUMBER(K56),ISNUMBER(D56)),IF(D56<>0,K56/ABS(D56),""),"") -> 0.0066092931 | M56: =IF(L56="","FCF yok",IF(L56<0.01,"%1 altı",IF(L56<0.05,"%1–5",IF(L56<0.1,"%5–10",IF(L56<0.25,"%10–25","%25 üstü"))))) -> %1 altı | N56: =IF(OR(C56="NULL",C56="KOŞULLU"),C56,IF(OR(F56=1,H56=1),"KOŞULLU",C56)) -> KOŞULLU | O56: =IF(OR(C56="NULL",C56="KOŞULLU"),C56,IF(H56=1,"KOŞULLU",C56)) -> TÜRETİLMİŞ | P56: =IF(N56<>C56,1,0) -> 1 | Q56: =IF(O56<>C56,1,0) -> 0
A57: BOBET | B57: 2025/03 | C57: KOŞULLU | D57: -2156.819 | E57: 563.812 | F57: 1 | G57: Kira anapara | H57: 0 | J57: 1 | K57: 44.429 | L57: =IF(AND(ISNUMBER(K57),ISNUMBER(D57)),IF(D57<>0,K57/ABS(D57),""),"") -> 0.020599318 | M57: =IF(L57="","FCF yok",IF(L57<0.01,"%1 altı",IF(L57<0.05,"%1–5",IF(L57<0.1,"%5–10",IF(L57<0.25,"%10–25","%25 üstü"))))) -> %1–5 | N57: =IF(OR(C57="NULL",C57="KOŞULLU"),C57,IF(OR(F57=1,H57=1),"KOŞULLU",C57)) -> KOŞULLU | O57: =IF(OR(C57="NULL",C57="KOŞULLU"),C57,IF(H57=1,"KOŞULLU",C57)) -> KOŞULLU | P57: =IF(N57<>C57,1,0) -> 0 | Q57: =IF(O57<>C57,1,0) -> 0
A58: BOBET | B58: 2025/06 | C58: KOŞULLU | D58: -1121.749 | E58: 1742.859 | F58: 1 | G58: Kira anapara | H58: 0 | J58: 1 | K58: 44.429 | L58: =IF(AND(ISNUMBER(K58),ISNUMBER(D58)),IF(D58<>0,K58/ABS(D58),""),"") -> 0.0396069 | M58: =IF(L58="","FCF yok",IF(L58<0.01,"%1 altı",IF(L58<0.05,"%1–5",IF(L58<0.1,"%5–10",IF(L58<0.25,"%10–25","%25 üstü"))))) -> %1–5 | N58: =IF(OR(C58="NULL",C58="KOŞULLU"),C58,IF(OR(F58=1,H58=1),"KOŞULLU",C58)) -> KOŞULLU | O58: =IF(OR(C58="NULL",C58="KOŞULLU"),C58,IF(H58=1,"KOŞULLU",C58)) -> KOŞULLU | P58: =IF(N58<>C58,1,0) -> 0 | Q58: =IF(O58<>C58,1,0) -> 0
A59: BOBET | B59: 2025/09 | C59: KOŞULLU | D59: -2150.508 | E59: 901.917 | F59: 1 | G59: Kira anapara | H59: 0 | J59: 1 | K59: 44.429 | L59: =IF(AND(ISNUMBER(K59),ISNUMBER(D59)),IF(D59<>0,K59/ABS(D59),""),"") -> 0.02065977 | M59: =IF(L59="","FCF yok",IF(L59<0.01,"%1 altı",IF(L59<0.05,"%1–5",IF(L59<0.1,"%5–10",IF(L59<0.25,"%10–25","%25 üstü"))))) -> %1–5 | N59: =IF(OR(C59="NULL",C59="KOŞULLU"),C59,IF(OR(F59=1,H59=1),"KOŞULLU",C59)) -> KOŞULLU | O59: =IF(OR(C59="NULL",C59="KOŞULLU"),C59,IF(H59=1,"KOŞULLU",C59)) -> KOŞULLU | P59: =IF(N59<>C59,1,0) -> 0 | Q59: =IF(O59<>C59,1,0) -> 0
A60: BRKO | B60: 2026/06 | C60: TÜRETİLMİŞ | D60: -898.447 | E60: -869.177 | F60: 0 | H60: 1 | I60: MDV+MODV alımı | J60: 0 | K60: 1.893 | L60: =IF(AND(ISNUMBER(K60),ISNUMBER(D60)),IF(D60<>0,K60/ABS(D60),""),"") -> 0.002106969 | M60: =IF(L60="","FCF yok",IF(L60<0.01,"%1 altı",IF(L60<0.05,"%1–5",IF(L60<0.1,"%5–10",IF(L60<0.25,"%10–25","%25 üstü"))))) -> %1 altı | N60: =IF(OR(C60="NULL",C60="KOŞULLU"),C60,IF(OR(F60=1,H60=1),"KOŞULLU",C60)) -> KOŞULLU | O60: =IF(OR(C60="NULL",C60="KOŞULLU"),C60,IF(H60=1,"KOŞULLU",C60)) -> KOŞULLU | P60: =IF(N60<>C60,1,0) -> 1 | Q60: =IF(O60<>C60,1,0) -> 1
A61: BRKSN | B61: 2025/06 | C61: KESİN | D61: -94.17 | E61: -81.985 | F61: 0 | H61: 1 | I61: MDV+MODV alımı | J61: 0 | K61: 7.78 | L61: =IF(AND(ISNUMBER(K61),ISNUMBER(D61)),IF(D61<>0,K61/ABS(D61),""),"") -> 0.082616545 | M61: =IF(L61="","FCF yok",IF(L61<0.01,"%1 altı",IF(L61<0.05,"%1–5",IF(L61<0.1,"%5–10",IF(L61<0.25,"%10–25","%25 üstü"))))) -> %5–10 | N61: =IF(OR(C61="NULL",C61="KOŞULLU"),C61,IF(OR(F61=1,H61=1),"KOŞULLU",C61)) -> KOŞULLU | O61: =IF(OR(C61="NULL",C61="KOŞULLU"),C61,IF(H61=1,"KOŞULLU",C61)) -> KOŞULLU | P61: =IF(N61<>C61,1,0) -> 1 | Q61: =IF(O61<>C61,1,0) -> 1
A62: BRKSN | B62: 2025/09 | C62: KESİN | D62: -7.223 | E62: 13.952 | F62: 0 | H62: 1 | I62: MDV+MODV alımı | J62: 0 | K62: 1.519 | L62: =IF(AND(ISNUMBER(K62),ISNUMBER(D62)),IF(D62<>0,K62/ABS(D62),""),"") -> 0.21030043 | M62: =IF(L62="","FCF yok",IF(L62<0.01,"%1 altı",IF(L62<0.05,"%1–5",IF(L62<0.1,"%5–10",IF(L62<0.25,"%10–25","%25 üstü"))))) -> %10–25 | N62: =IF(OR(C62="NULL",C62="KOŞULLU"),C62,IF(OR(F62=1,H62=1),"KOŞULLU",C62)) -> KOŞULLU | O62: =IF(OR(C62="NULL",C62="KOŞULLU"),C62,IF(H62=1,"KOŞULLU",C62)) -> KOŞULLU | P62: =IF(N62<>C62,1,0) -> 1 | Q62: =IF(O62<>C62,1,0) -> 1
A63: BRLSM | B63: 2025/03 | C63: KESİN | D63: -503.04 | E63: -503.04 | F63: 0 | H63: 1 | I63: MDV+MODV alımı | J63: 0 | K63: 27.341 | L63: =IF(AND(ISNUMBER(K63),ISNUMBER(D63)),IF(D63<>0,K63/ABS(D63),""),"") -> 0.054351543 | M63: =IF(L63="","FCF yok",IF(L63<0.01,"%1 altı",IF(L63<0.05,"%1–5",IF(L63<0.1,"%5–10",IF(L63<0.25,"%10–25","%25 üstü"))))) -> %5–10 | N63: =IF(OR(C63="NULL",C63="KOŞULLU"),C63,IF(OR(F63=1,H63=1),"KOŞULLU",C63)) -> KOŞULLU | O63: =IF(OR(C63="NULL",C63="KOŞULLU"),C63,IF(H63=1,"KOŞULLU",C63)) -> KOŞULLU | P63: =IF(N63<>C63,1,0) -> 1 | Q63: =IF(O63<>C63,1,0) -> 1
A64: BRLSM | B64: 2025/06 | C64: KESİN | D64: -468.675 | E64: -468.675 | F64: 0 | H64: 1 | I64: MDV+MODV alımı | J64: 0 | K64: 55.13 | L64: =IF(AND(ISNUMBER(K64),ISNUMBER(D64)),IF(D64<>0,K64/ABS(D64),""),"") -> 0.11762949 | M64: =IF(L64="","FCF yok",IF(L64<0.01,"%1 altı",IF(L64<0.05,"%1–5",IF(L64<0.1,"%5–10",IF(L64<0.25,"%10–25","%25 üstü"))))) -> %10–25 | N64: =IF(OR(C64="NULL",C64="KOŞULLU"),C64,IF(OR(F64=1,H64=1),"KOŞULLU",C64)) -> KOŞULLU | O64: =IF(OR(C64="NULL",C64="KOŞULLU"),C64,IF(H64=1,"KOŞULLU",C64)) -> KOŞULLU | P64: =IF(N64<>C64,1,0) -> 1 | Q64: =IF(O64<>C64,1,0) -> 1
A65: BRLSM | B65: 2025/09 | C65: KESİN | D65: -835.15 | E65: -835.15 | F65: 0 | H65: 1 | I65: MDV+MODV alımı | J65: 0 | K65: 58.63 | L65: =IF(AND(ISNUMBER(K65),ISNUMBER(D65)),IF(D65<>0,K65/ABS(D65),""),"") -> 0.070202958 | M65: =IF(L65="","FCF yok",IF(L65<0.01,"%1 altı",IF(L65<0.05,"%1–5",IF(L65<0.1,"%5–10",IF(L65<0.25,"%10–25","%25 üstü"))))) -> %5–10 | N65: =IF(OR(C65="NULL",C65="KOŞULLU"),C65,IF(OR(F65=1,H65=1),"KOŞULLU",C65)) -> KOŞULLU | O65: =IF(OR(C65="NULL",C65="KOŞULLU"),C65,IF(H65=1,"KOŞULLU",C65)) -> KOŞULLU | P65: =IF(N65<>C65,1,0) -> 1 | Q65: =IF(O65<>C65,1,0) -> 1
A66: BRLSM | B66: 2026/03 | C66: KOŞULLU | D66: 156.397 | E66: 157.45 | F66: 0 | H66: 1 | I66: MDV+MODV alımı | J66: 0 | K66: 3.699 | L66: =IF(AND(ISNUMBER(K66),ISNUMBER(D66)),IF(D66<>0,K66/ABS(D66),""),"") -> 0.023651349 | M66: =IF(L66="","FCF yok",IF(L66<0.01,"%1 altı",IF(L66<0.05,"%1–5",IF(L66<0.1,"%5–10",IF(L66<0.25,"%10–25","%25 üstü"))))) -> %1–5 | N66: =IF(OR(C66="NULL",C66="KOŞULLU"),C66,IF(OR(F66=1,H66=1),"KOŞULLU",C66)) -> KOŞULLU | O66: =IF(OR(C66="NULL",C66="KOŞULLU"),C66,IF(H66=1,"KOŞULLU",C66)) -> KOŞULLU | P66: =IF(N66<>C66,1,0) -> 0 | Q66: =IF(O66<>C66,1,0) -> 0
A67: BRLSM | B67: 2026/06 | C67: KESİN | D67: -83.703 | E67: -83.703 | F67: 0 | H67: 1 | I67: MDV+MODV alımı | J67: 0 | K67: 4.993 | L67: =IF(AND(ISNUMBER(K67),ISNUMBER(D67)),IF(D67<>0,K67/ABS(D67),""),"") -> 0.059651386 | M67: =IF(L67="","FCF yok",IF(L67<0.01,"%1 altı",IF(L67<0.05,"%1–5",IF(L67<0.1,"%5–10",IF(L67<0.25,"%10–25","%25 üstü"))))) -> %5–10 | N67: =IF(OR(C67="NULL",C67="KOŞULLU"),C67,IF(OR(F67=1,H67=1),"KOŞULLU",C67)) -> KOŞULLU | O67: =IF(OR(C67="NULL",C67="KOŞULLU"),C67,IF(H67=1,"KOŞULLU",C67)) -> KOŞULLU | P67: =IF(N67<>C67,1,0) -> 1 | Q67: =IF(O67<>C67,1,0) -> 1
A68: BRMEN | B68: 2025/03 | C68: KESİN | D68: -49.523 | E68: -45.244 | F68: 0 | H68: 1 | I68: Kira anapara | J68: 0 | K68: 23.33 | L68: =IF(AND(ISNUMBER(K68),ISNUMBER(D68)),IF(D68<>0,K68/ABS(D68),""),"") -> 0.47109424 | M68: =IF(L68="","FCF yok",IF(L68<0.01,"%1 altı",IF(L68<0.05,"%1–5",IF(L68<0.1,"%5–10",IF(L68<0.25,"%10–25","%25 üstü"))))) -> %25 üstü | N68: =IF(OR(C68="NULL",C68="KOŞULLU"),C68,IF(OR(F68=1,H68=1),"KOŞULLU",C68)) -> KOŞULLU | O68: =IF(OR(C68="NULL",C68="KOŞULLU"),C68,IF(H68=1,"KOŞULLU",C68)) -> KOŞULLU | P68: =IF(N68<>C68,1,0) -> 1 | Q68: =IF(O68<>C68,1,0) -> 1
A69: BRMEN | B69: 2025/06 | C69: KESİN | D69: -43.277 | E69: -38.965 | F69: 0 | H69: 1 | I69: Kira anapara | J69: 0 | K69: 26.706 | L69: =IF(AND(ISNUMBER(K69),ISNUMBER(D69)),IF(D69<>0,K69/ABS(D69),""),"") -> 0.61709453 | M69: =IF(L69="","FCF yok",IF(L69<0.01,"%1 altı",IF(L69<0.05,"%1–5",IF(L69<0.1,"%5–10",IF(L69<0.25,"%10–25","%25 üstü"))))) -> %25 üstü | N69: =IF(OR(C69="NULL",C69="KOŞULLU"),C69,IF(OR(F69=1,H69=1),"KOŞULLU",C69)) -> KOŞULLU | O69: =IF(OR(C69="NULL",C69="KOŞULLU"),C69,IF(H69=1,"KOŞULLU",C69)) -> KOŞULLU | P69: =IF(N69<>C69,1,0) -> 1 | Q69: =IF(O69<>C69,1,0) -> 1
A70: BRMEN | B70: 2025/09 | C70: KESİN | D70: 3.191 | E70: 3.518 | F70: 0 | H70: 1 | I70: MDV+MODV alımı | J70: 0 | K70: 3.221 | L70: =IF(AND(ISNUMBER(K70),ISNUMBER(D70)),IF(D70<>0,K70/ABS(D70),""),"") -> 1.0094014 | M70: =IF(L70="","FCF yok",IF(L70<0.01,"%1 altı",IF(L70<0.05,"%1–5",IF(L70<0.1,"%5–10",IF(L70<0.25,"%10–25","%25 üstü"))))) -> %25 üstü | N70: =IF(OR(C70="NULL",C70="KOŞULLU"),C70,IF(OR(F70=1,H70=1),"KOŞULLU",C70)) -> KOŞULLU | O70: =IF(OR(C70="NULL",C70="KOŞULLU"),C70,IF(H70=1,"KOŞULLU",C70)) -> KOŞULLU | P70: =IF(N70<>C70,1,0) -> 1 | Q70: =IF(O70<>C70,1,0) -> 1
A71: BSOKE | B71: 2025/06 | C71: NULL | E71: -421.488 | F71: 0 | H71: 1 | I71: MDV+MODV alımı | J71: 0 | K71: 14.966 | L71: =IF(AND(ISNUMBER(K71),ISNUMBER(D71)),IF(D71<>0,K71/ABS(D71),""),"") | M71: =IF(L71="","FCF yok",IF(L71<0.01,"%1 altı",IF(L71<0.05,"%1–5",IF(L71<0.1,"%5–10",IF(L71<0.25,"%10–25","%25 üstü"))))) -> FCF yok | N71: =IF(OR(C71="NULL",C71="KOŞULLU"),C71,IF(OR(F71=1,H71=1),"KOŞULLU",C71)) -> NULL | O71: =IF(OR(C71="NULL",C71="KOŞULLU"),C71,IF(H71=1,"KOŞULLU",C71)) -> NULL | P71: =IF(N71<>C71,1,0) -> 0 | Q71: =IF(O71<>C71,1,0) -> 0
A72: BURCE | B72: 2025/03 | C72: NULL | E72: 74.401 | F72: 1 | G72: Kira anapara | H72: 0 | J72: 0 | K72: 0.019 | L72: =IF(AND(ISNUMBER(K72),ISNUMBER(D72)),IF(D72<>0,K72/ABS(D72),""),"") | M72: =IF(L72="","FCF yok",IF(L72<0.01,"%1 altı",IF(L72<0.05,"%1–5",IF(L72<0.1,"%5–10",IF(L72<0.25,"%10–25","%25 üstü"))))) -> FCF yok | N72: =IF(OR(C72="NULL",C72="KOŞULLU"),C72,IF(OR(F72=1,H72=1),"KOŞULLU",C72)) -> NULL | O72: =IF(OR(C72="NULL",C72="KOŞULLU"),C72,IF(H72=1,"KOŞULLU",C72)) -> NULL | P72: =IF(N72<>C72,1,0) -> 0 | Q72: =IF(O72<>C72,1,0) -> 0
A73: BURCE | B73: 2025/06 | C73: NULL | E73: -54.931 | F73: 1 | G73: Kira anapara | H73: 0 | J73: 0 | K73: 0.019 | L73: =IF(AND(ISNUMBER(K73),ISNUMBER(D73)),IF(D73<>0,K73/ABS(D73),""),"") | M73: =IF(L73="","FCF yok",IF(L73<0.01,"%1 altı",IF(L73<0.05,"%1–5",IF(L73<0.1,"%5–10",IF(L73<0.25,"%10–25","%25 üstü"))))) -> FCF yok | N73: =IF(OR(C73="NULL",C73="KOŞULLU"),C73,IF(OR(F73=1,H73=1),"KOŞULLU",C73)) -> NULL | O73: =IF(OR(C73="NULL",C73="KOŞULLU"),C73,IF(H73=1,"KOŞULLU",C73)) -> NULL | P73: =IF(N73<>C73,1,0) -> 0 | Q73: =IF(O73<>C73,1,0) -> 0
A74: BURCE | B74: 2025/09 | C74: NULL | E74: -69.568 | F74: 1 | G74: Kira anapara | H74: 0 | J74: 0 | K74: 0.019 | L74: =IF(AND(ISNUMBER(K74),ISNUMBER(D74)),IF(D74<>0,K74/ABS(D74),""),"") | M74: =IF(L74="","FCF yok",IF(L74<0.01,"%1 altı",IF(L74<0.05,"%1–5",IF(L74<0.1,"%5–10",IF(L74<0.25,"%10–25","%25 üstü"))))) -> FCF yok | N74: =IF(OR(C74="NULL",C74="KOŞULLU"),C74,IF(OR(F74=1,H74=1),"KOŞULLU",C74)) -> NULL | O74: =IF(OR(C74="NULL",C74="KOŞULLU"),C74,IF(H74=1,"KOŞULLU",C74)) -> NULL | P74: =IF(N74<>C74,1,0) -> 0 | Q74: =IF(O74<>C74,1,0) -> 0
A75: BYDNR | B75: 2025/03 | C75: NULL | E75: -416.292 | F75: 1 | G75: Kira anapara | H75: 0 | J75: 0 | K75: 311.833 | L75: =IF(AND(ISNUMBER(K75),ISNUMBER(D75)),IF(D75<>0,K75/ABS(D75),""),"") | M75: =IF(L75="","FCF yok",IF(L75<0.01,"%1 altı",IF(L75<0.05,"%1–5",IF(L75<0.1,"%5–10",IF(L75<0.25,"%10–25","%25 üstü"))))) -> FCF yok | N75: =IF(OR(C75="NULL",C75="KOŞULLU"),C75,IF(OR(F75=1,H75=1),"KOŞULLU",C75)) -> NULL | O75: =IF(OR(C75="NULL",C75="KOŞULLU"),C75,IF(H75=1,"KOŞULLU",C75)) -> NULL | P75: =IF(N75<>C75,1,0) -> 0 | Q75: =IF(O75<>C75,1,0) -> 0
A76: BYDNR | B76: 2025/06 | C76: NULL | E76: -137.322 | F76: 1 | G76: Kira anapara | H76: 0 | J76: 0 | K76: 311.833 | L76: =IF(AND(ISNUMBER(K76),ISNUMBER(D76)),IF(D76<>0,K76/ABS(D76),""),"") | M76: =IF(L76="","FCF yok",IF(L76<0.01,"%1 altı",IF(L76<0.05,"%1–5",IF(L76<0.1,"%5–10",IF(L76<0.25,"%10–25","%25 üstü"))))) -> FCF yok | N76: =IF(OR(C76="NULL",C76="KOŞULLU"),C76,IF(OR(F76=1,H76=1),"KOŞULLU",C76)) -> NULL | O76: =IF(OR(C76="NULL",C76="KOŞULLU"),C76,IF(H76=1,"KOŞULLU",C76)) -> NULL | P76: =IF(N76<>C76,1,0) -> 0 | Q76: =IF(O76<>C76,1,0) -> 0
A77: BYDNR | B77: 2025/09 | C77: TÜRETİLMİŞ | D77: -1266.78 | E77: -218.184 | F77: 1 | G77: Kira anapara | H77: 0 | J77: 0 | K77: 311.833 | L77: =IF(AND(ISNUMBER(K77),ISNUMBER(D77)),IF(D77<>0,K77/ABS(D77),""),"") -> 0.24616192 | M77: =IF(L77="","FCF yok",IF(L77<0.01,"%1 altı",IF(L77<0.05,"%1–5",IF(L77<0.1,"%5–10",IF(L77<0.25,"%10–25","%25 üstü"))))) -> %10–25 | N77: =IF(OR(C77="NULL",C77="KOŞULLU"),C77,IF(OR(F77=1,H77=1),"KOŞULLU",C77)) -> KOŞULLU | O77: =IF(OR(C77="NULL",C77="KOŞULLU"),C77,IF(H77=1,"KOŞULLU",C77)) -> TÜRETİLMİŞ | P77: =IF(N77<>C77,1,0) -> 1 | Q77: =IF(O77<>C77,1,0) -> 0
A78: BYDNR | B78: 2025/12 | C78: TÜRETİLMİŞ | D78: -365.728 | E78: 1040.285 | F78: 1 | G78: Kira anapara | H78: 0 | J78: 0 | K78: 86.308 | L78: =IF(AND(ISNUMBER(K78),ISNUMBER(D78)),IF(D78<>0,K78/ABS(D78),""),"") -> 0.23598959 | M78: =IF(L78="","FCF yok",IF(L78<0.01,"%1 altı",IF(L78<0.05,"%1–5",IF(L78<0.1,"%5–10",IF(L78<0.25,"%10–25","%25 üstü"))))) -> %10–25 | N78: =IF(OR(C78="NULL",C78="KOŞULLU"),C78,IF(OR(F78=1,H78=1),"KOŞULLU",C78)) -> KOŞULLU | O78: =IF(OR(C78="NULL",C78="KOŞULLU"),C78,IF(H78=1,"KOŞULLU",C78)) -> TÜRETİLMİŞ | P78: =IF(N78<>C78,1,0) -> 1 | Q78: =IF(O78<>C78,1,0) -> 0
A79: BYDNR | B79: 2026/03 | C79: NULL | E79: 1137.553 | F79: 1 | G79: Kira anapara | H79: 0 | J79: 0 | K79: 86.308 | L79: =IF(AND(ISNUMBER(K79),ISNUMBER(D79)),IF(D79<>0,K79/ABS(D79),""),"") | M79: =IF(L79="","FCF yok",IF(L79<0.01,"%1 altı",IF(L79<0.05,"%1–5",IF(L79<0.1,"%5–10",IF(L79<0.25,"%10–25","%25 üstü"))))) -> FCF yok | N79: =IF(OR(C79="NULL",C79="KOŞULLU"),C79,IF(OR(F79=1,H79=1),"KOŞULLU",C79)) -> NULL | O79: =IF(OR(C79="NULL",C79="KOŞULLU"),C79,IF(H79=1,"KOŞULLU",C79)) -> NULL | P79: =IF(N79<>C79,1,0) -> 0 | Q79: =IF(O79<>C79,1,0) -> 0
A80: BYDNR | B80: 2026/06 | C80: NULL | E80: 1051.929 | F80: 1 | G80: Kira anapara | H80: 0 | J80: 0 | K80: 86.308 | L80: =IF(AND(ISNUMBER(K80),ISNUMBER(D80)),IF(D80<>0,K80/ABS(D80),""),"") | M80: =IF(L80="","FCF yok",IF(L80<0.01,"%1 altı",IF(L80<0.05,"%1–5",IF(L80<0.1,"%5–10",IF(L80<0.25,"%10–25","%25 üstü"))))) -> FCF yok | N80: =IF(OR(C80="NULL",C80="KOŞULLU"),C80,IF(OR(F80=1,H80=1),"KOŞULLU",C80)) -> NULL | O80: =IF(OR(C80="NULL",C80="KOŞULLU"),C80,IF(H80=1,"KOŞULLU",C80)) -> NULL | P80: =IF(N80<>C80,1,0) -> 0 | Q80: =IF(O80<>C80,1,0) -> 0
A81: CANTE | B81: 2025/03 | C81: KESİN | D81: 256.718 | E81: 2283.332 | F81: 1 | G81: Kira anapara | H81: 1 | I81: MDV+MODV alımı | J81: 1 | K81: 770.506 | L81: =IF(AND(ISNUMBER(K81),ISNUMBER(D81)),IF(D81<>0,K81/ABS(D81),""),"") -> 3.0013712 | M81: =IF(L81="","FCF yok",IF(L81<0.01,"%1 altı",IF(L81<0.05,"%1–5",IF(L81<0.1,"%5–10",IF(L81<0.25,"%10–25","%25 üstü"))))) -> %25 üstü | N81: =IF(OR(C81="NULL",C81="KOŞULLU"),C81,IF(OR(F81=1,H81=1),"KOŞULLU",C81)) -> KOŞULLU | O81: =IF(OR(C81="NULL",C81="KOŞULLU"),C81,IF(H81=1,"KOŞULLU",C81)) -> KOŞULLU | P81: =IF(N81<>C81,1,0) -> 1 | Q81: =IF(O81<>C81,1,0) -> 1
A82: CANTE | B82: 2025/06 | C82: KESİN | D82: -3074.245 | E82: -3074.245 | F82: 1 | G82: Kira anapara + MDV+MODV alımı | H82: 0 | J82: 0 | K82: 267.337 | L82: =IF(AND(ISNUMBER(K82),ISNUMBER(D82)),IF(D82<>0,K82/ABS(D82),""),"") -> 0.086960213 | M82: =IF(L82="","FCF yok",IF(L82<0.01,"%1 altı",IF(L82<0.05,"%1–5",IF(L82<0.1,"%5–10",IF(L82<0.25,"%10–25","%25 üstü"))))) -> %5–10 | N82: =IF(OR(C82="NULL",C82="KOŞULLU"),C82,IF(OR(F82=1,H82=1),"KOŞULLU",C82)) -> KOŞULLU | O82: =IF(OR(C82="NULL",C82="KOŞULLU"),C82,IF(H82=1,"KOŞULLU",C82)) -> KESİN | P82: =IF(N82<>C82,1,0) -> 1 | Q82: =IF(O82<>C82,1,0) -> 0
A83: CANTE | B83: 2025/09 | C83: KESİN | D83: -5299.774 | E83: -5299.774 | F83: 1 | G83: Kira anapara + MDV+MODV alımı | H83: 0 | J83: 0 | K83: 1390.882 | L83: =IF(AND(ISNUMBER(K83),ISNUMBER(D83)),IF(D83<>0,K83/ABS(D83),""),"") -> 0.26244176 | M83: =IF(L83="","FCF yok",IF(L83<0.01,"%1 altı",IF(L83<0.05,"%1–5",IF(L83<0.1,"%5–10",IF(L83<0.25,"%10–25","%25 üstü"))))) -> %25 üstü | N83: =IF(OR(C83="NULL",C83="KOŞULLU"),C83,IF(OR(F83=1,H83=1),"KOŞULLU",C83)) -> KOŞULLU | O83: =IF(OR(C83="NULL",C83="KOŞULLU"),C83,IF(H83=1,"KOŞULLU",C83)) -> KESİN | P83: =IF(N83<>C83,1,0) -> 1 | Q83: =IF(O83<>C83,1,0) -> 0
A84: CANTE | B84: 2025/12 | C84: KESİN | D84: -2046.863 | E84: -2046.863 | F84: 1 | G84: Kira anapara + MDV+MODV alımı | H84: 0 | J84: 0 | K84: 2904.857 | L84: =IF(AND(ISNUMBER(K84),ISNUMBER(D84)),IF(D84<>0,K84/ABS(D84),""),"") -> 1.4191751 | M84: =IF(L84="","FCF yok",IF(L84<0.01,"%1 altı",IF(L84<0.05,"%1–5",IF(L84<0.1,"%5–10",IF(L84<0.25,"%10–25","%25 üstü"))))) -> %25 üstü | N84: =IF(OR(C84="NULL",C84="KOŞULLU"),C84,IF(OR(F84=1,H84=1),"KOŞULLU",C84)) -> KOŞULLU | O84: =IF(OR(C84="NULL",C84="KOŞULLU"),C84,IF(H84=1,"KOŞULLU",C84)) -> KESİN | P84: =IF(N84<>C84,1,0) -> 1 | Q84: =IF(O84<>C84,1,0) -> 0
A85: CANTE | B85: 2026/03 | C85: KESİN | D85: -5809.944 | E85: -5809.944 | F85: 1 | G85: Kira anapara + MDV+MODV alımı | H85: 0 | J85: 0 | K85: 2904.857 | L85: =IF(AND(ISNUMBER(K85),ISNUMBER(D85)),IF(D85<>0,K85/ABS(D85),""),"") -> 0.49998021 | M85: =IF(L85="","FCF yok",IF(L85<0.01,"%1 altı",IF(L85<0.05,"%1–5",IF(L85<0.1,"%5–10",IF(L85<0.25,"%10–25","%25 üstü"))))) -> %25 üstü | N85: =IF(OR(C85="NULL",C85="KOŞULLU"),C85,IF(OR(F85=1,H85=1),"KOŞULLU",C85)) -> KOŞULLU | O85: =IF(OR(C85="NULL",C85="KOŞULLU"),C85,IF(H85=1,"KOŞULLU",C85)) -> KESİN | P85: =IF(N85<>C85,1,0) -> 1 | Q85: =IF(O85<>C85,1,0) -> 0
A86: CANTE | B86: 2026/06 | C86: KESİN | D86: -394.547 | E86: -391.239 | F86: 1 | G86: Kira anapara + MDV+MODV alımı | H86: 0 | J86: 1 | K86: 2904.857 | L86: =IF(AND(ISNUMBER(K86),ISNUMBER(D86)),IF(D86<>0,K86/ABS(D86),""),"") -> 7.3625119 | M86: =IF(L86="","FCF yok",IF(L86<0.01,"%1 altı",IF(L86<0.05,"%1–5",IF(L86<0.1,"%5–10",IF(L86<0.25,"%10–25","%25 üstü"))))) -> %25 üstü | N86: =IF(OR(C86="NULL",C86="KOŞULLU"),C86,IF(OR(F86=1,H86=1),"KOŞULLU",C86)) -> KOŞULLU | O86: =IF(OR(C86="NULL",C86="KOŞULLU"),C86,IF(H86=1,"KOŞULLU",C86)) -> KESİN | P86: =IF(N86<>C86,1,0) -> 1 | Q86: =IF(O86<>C86,1,0) -> 0
A87: CATES | B87: 2025/03 | C87: KESİN | D87: 870.101 | E87: 1251.19 | F87: 1 | G87: MDV+MODV alımı | H87: 0 | J87: 1 | K87: 244.491 | L87: =IF(AND(ISNUMBER(K87),ISNUMBER(D87)),IF(D87<>0,K87/ABS(D87),""),"") -> 0.28099152 | M87: =IF(L87="","FCF yok",IF(L87<0.01,"%1 altı",IF(L87<0.05,"%1–5",IF(L87<0.1,"%5–10",IF(L87<0.25,"%10–25","%25 üstü"))))) -> %25 üstü | N87: =IF(OR(C87="NULL",C87="KOŞULLU"),C87,IF(OR(F87=1,H87=1),"KOŞULLU",C87)) -> KOŞULLU | O87: =IF(OR(C87="NULL",C87="KOŞULLU"),C87,IF(H87=1,"KOŞULLU",C87)) -> KESİN | P87: =IF(N87<>C87,1,0) -> 1 | Q87: =IF(O87<>C87,1,0) -> 0
A88: CELHA | B88: 2025/06 | C88: TÜRETİLMİŞ | D88: -457.548 | E88: -269.029 | F88: 0 | H88: 1 | I88: MDV+MODV alımı | J88: 0 | K88: 61.789 | L88: =IF(AND(ISNUMBER(K88),ISNUMBER(D88)),IF(D88<>0,K88/ABS(D88),""),"") -> 0.13504375 | M88: =IF(L88="","FCF yok",IF(L88<0.01,"%1 altı",IF(L88<0.05,"%1–5",IF(L88<0.1,"%5–10",IF(L88<0.25,"%10–25","%25 üstü"))))) -> %10–25 | N88: =IF(OR(C88="NULL",C88="KOŞULLU"),C88,IF(OR(F88=1,H88=1),"KOŞULLU",C88)) -> KOŞULLU | O88: =IF(OR(C88="NULL",C88="KOŞULLU"),C88,IF(H88=1,"KOŞULLU",C88)) -> KOŞULLU | P88: =IF(N88<>C88,1,0) -> 1 | Q88: =IF(O88<>C88,1,0) -> 1
A89: COSMO | B89: 2025/09 | C89: NULL | E89: 91.819 | F89: 0 | H89: 1 | I89: MDV+MODV alımı | J89: 0 | K89: 1.572 | L89: =IF(AND(ISNUMBER(K89),ISNUMBER(D89)),IF(D89<>0,K89/ABS(D89),""),"") | M89: =IF(L89="","FCF yok",IF(L89<0.01,"%1 altı",IF(L89<0.05,"%1–5",IF(L89<0.1,"%5–10",IF(L89<0.25,"%10–25","%25 üstü"))))) -> FCF yok | N89: =IF(OR(C89="NULL",C89="KOŞULLU"),C89,IF(OR(F89=1,H89=1),"KOŞULLU",C89)) -> NULL | O89: =IF(OR(C89="NULL",C89="KOŞULLU"),C89,IF(H89=1,"KOŞULLU",C89)) -> NULL | P89: =IF(N89<>C89,1,0) -> 0 | Q89: =IF(O89<>C89,1,0) -> 0
